split,sample_id,content,label,data_origin,category,sender_type,has_url,has_phone_number,obfuscation_level,student_model,student_p0,student_p1,student_pred,student_confidence,student_agree_label,error_type
train,ViSmish_00043,"đơn giản là vì 2 đứa con cụ đều chả có hứng thú với ew đương, đặc biệt là đứa con út này, mỗi lần có người ngoài hỏi bao giờ lấy chồng thì nó đều nói: “cháu phải kiếm tiền hiếu kính phụ huynh đã, chưa báo hiếu được ngày nào mà đã đi lấy chồng luôn là cháu không chịu đâu.”",0,external_curated,P2P hard negative,personal_number,0,0,NONE,char_bilstm_hard,0.3239079,0.6760921,1,0.6760921,False,FP
train,ViSmish_00085,[Cong an TP] Can lam viec ve ho so BHXH cua Pham Thi Huong. Co so du lieu cho thay co sai sot can chinh sua. Goi 1234/CV-CT de dat lich lam viec.,1,synthetic_hard_negative,Dịch vụ công giả,brandname,0,0,Level 2 - Leet nặng,char_bilstm_hard,0.92175055,0.07824948,0,0.92175055,False,FN
train,ViSmish_00122,"MTTQ VIET NAM tran trong cam on Quy manh thuong quan da ung ho 500,000d vao Quy Vi nguoi ngheo. Chung nhan dien tu da duoc gui ve email cua Quy khach.",0,synthetic,Dịch vụ công thật,brandname,0,0,NONE,char_bilstm_hard,0.43838054,0.56161946,1,0.56161946,False,FP
train,ViSmish_00175,"[TB] Thủ tướng Chính phủ kêu gọi người dân chung tay xóa nhà tạm, nhà dột nát trên phạm vi toàn quốc bằng cách chuyển khoản đến Quỹ Vì người nghèo Trung ương số tài khoản: - 111135888888 tại Vietinbank. - 9999999999999 tại Vietcombank. - 1303999789999 tại Agribank. - 8631088888 tại BIDV. - 2025 tại MBBank. - 3761.0.9054386.91046 tại Kho bạc Nhà nước Hoàn Kiếm, Hà Nội.",0,real,Dịch vụ công thật,brandname,0,1,NONE,char_bilstm_hard,0.09290832,0.9070917,1,0.9070917,False,FP
train,ViSmish_00234,Nhanh chóng giàu có: TK 2837465920-ATB. Tên: CÔNG TY CP ĐẦU TƯ & CÔNG NGHỆ TÀI CHÍNH.,1,paraphrased,Crypto / Đầu tư giả,personal_number,0,0,Level 0 - Formal,char_bilstm_hard,0.6261996,0.37380043,0,0.6261996,False,FN
train,ViSmish_00298,"[TB] Để đảm bảo an toàn khi tham gia giao thông dịp Tết Nguyên đán Giáp Thìn 2024, đề nghị người dân chấp hành pháp luật về trật tự, an toàn giao thông, điều khiển phương tiện đúng tốc độ, giữ khoảng cách an toàn, tuyệt đối không điều khiển phương tiện khi đã sử dụng rượu, bia.",0,real,Dịch vụ công thật,brandname,0,0,NONE,char_bilstm_hard,0.081137,0.918863,1,0.918863,False,FP
train,ViSmish_00336,Bộ TTTT: Thẻ SIM di động của quý khách chưa hoàn tất thủ tục pháp lý. Xác minh ngay tại https://gov-tttt.vn,1,paraphrased,Dịch vụ công giả,brandname,1,0,Level 0 - Formal,char_bilstm_hard,0.88495314,0.11504685,0,0.88495314,False,FN
train,ViSmish_00506,Thí sinh Trần Nguyễn Nam Hải thân mến . Kỳ tuyển sinh bổ sung  đợt 1: chỉ còn 05 ngày cho thí sinh xét tuyển nguyện vọng yêu thích vào ĐH FPT  hệ chính quy 2022 . Nếu bạn quan tâm vui lòng liên hệ fanpage:https://www.facebook.com/fptu.hcm hoặc holine 02873005588 để được tư vấn. trân trọng!,0,real,Khác,brandname,1,1,NONE,char_bilstm_hard,0.010111511,0.9898885,1,0.9898885,False,FP
train,ViSmish_00595,[Cuc Thue] Xac nhan: Ho so cap the CCCD cua Ho Van Nam can xac minh them thong tin. Goi 1234/CV-CT trong gio hanh chinh de dat lich phong van.,1,synthetic_hard_negative,Dịch vụ công giả,brandname,0,0,Level 2 - Leet nặng,char_bilstm_hard,0.84624594,0.15375404,0,0.84624594,False,FN
train,ViSmish_00658,Bo Giao thong Van tai: Le Van Thanh can bo sung giay to cho ho so cap phep kinh doanh so QD-2025/001. Han chot ngay mai. Goi hotline QD-2025/001 de duoc ho tro.,1,synthetic_hard_negative,Dịch vụ công giả,brandname,0,0,Level 2 - Leet nặng,char_bilstm_hard,0.7846422,0.21535781,0,0.7846422,False,FN
train,ViSmish_00727,BHXH Viet Nam thong bao: The BHYT cua Quy khach sap het han su dung. Vui long lien he co quan BHXH gan nhat de duoc huong dan gia han. LH: 19009068.,0,synthetic,Dịch vụ công thật,brandname,0,1,NONE,char_bilstm_hard,0.30619287,0.6938071,1,0.6938071,False,FP
train,ViSmish_00790,"[QC] Mua SIM online dễ dàng, giao nhận tận nơi! Đăng ký trực tuyến trên My Viettel mọi lúc, mọi nơi mà không cần đến cửa hàng: Khách hàng có thể lựa chọn số ưng ý, sở hữu chính chủ, số hợp mệnh... rước lộc vào nhà chỉ với 50.000đ (SIM trả trước) và 60.000đ (SIM trả sau). Chi tiết truy cập https://myviettel.go.link/a89yX hoặc LH 198 (0đ). Từ chối QC, soạn TC3 gửi 199.",0,real,Quảng cáo hợp lệ,brandname,1,0,NONE,char_bilstm_hard,0.4518208,0.5481792,1,0.5481792,False,FP
train,ViSmish_00793,"Lan ơi tớ đang cần gấp một mã thẻ cào Mobifone 500k để nạp gia hạn gói cước, cậu mua giúp tớ nhắn mã qua đây nhé, chiều tớ trả tiền.",1,synthetic_hard_negative,Khác,personal_number,0,0,Level 0 - Formal,char_bilstm_hard,0.51010513,0.48989487,0,0.51010513,False,FN
train,ViSmish_00830,"(TB) Để phòng ngừa tai nạn đuối nước dịp Tết Nguyên Đán, Công an tỉnh khuyến cáo: Thường xuyên giám sát kỹ trẻ em, cho trẻ biết mối nguy hiểm đuối nước, không để trẻ chơi đùa quanh ao, hồ, đặc biết là các công trường xây dựng; Khi đi tắm biển, sông, hồ chỉ nên tắm gần bờ, không xuống nước khi đã xử dụng rượu, bia; Khi phát hiện thấy người bị đuối nước, nhanh chóng kêu gọi mọi người đến hỗ trợ và gọi ngay 114 hoặc sử dụng App ""Báo cháy 114"".",0,real,Dịch vụ công thật,brandname,0,0,NONE,char_bilstm_hard,0.4139663,0.5860337,1,0.5860337,False,FP
train,ViSmish_00867,"Tụi trẻ con giờ đếu học hành gì chỉ suốt ngày tóp tóp, đi trên đg thì suốt ngày thấy phóng lợn , haizz",0,external_real,P2P hội thoại thông thường,personal_number,0,0,NONE,char_bilstm_hard,0.4074338,0.5925662,1,0.5925662,False,FP
train,ViSmish_00918,[UBND TP.HCM] Xac nhan: Ho so cap the CCCD cua Tran Thi Lan can xac minh them thong tin. Goi 19001234 trong gio hanh chinh de dat lich phong van.,1,synthetic_hard_negative,Dịch vụ công giả,brandname,0,0,Level 2 - Leet nặng,char_bilstm_hard,0.6875979,0.31240216,0,0.6875979,False,FN
train,ViSmish_00928,"trước nay vẫn nghĩ chị iu theo đuổi hình tượng giống kiểu idol kpop nên là với khả năng của chị tham gia vào mô hình nhóm nhạc ms ổn, chỉ việc hát vài câu phần còn lại đồng đội gánh, hát nhảy tàm tạm k phá game là được việc của chị là lung linh trên sân khấu thôii =)))",0,external_real,P2P hội thoại thông thường,personal_number,0,0,NONE,char_bilstm_hard,0.06573027,0.9342697,1,0.9342697,False,FP
train,ViSmish_00994,"Tổng kết 2023 Viettel và Bạn: Chúng ta đã bên nhau 15 tháng Trong năm 2023 bạn đã gọi đi 4 phút, dùng 5.26GB data. Mỗi tháng bạn liên lạc khoảng 2 người, lướt mạng khoảng 30 ngày; ứng dụng ưa thích của bạn chắc hẳn là YOUTUBE Viettel đã tặng bạn 138 đồng khuyến mại và 12GB data miễn phí. Chào 2024, Viettel gửi tặng bạn nhiều món quà hấp dẫn tại http://viettel.vn/tangqua. Cảm ơn bạn vì đã luôn tin tưởng và đồng hành cùng Viettel. Trân trọng!",0,real,Khác,shortcode,1,0,NONE,char_bilstm_hard,0.35095406,0.64904594,1,0.64904594,False,FP
train,ViSmish_01174,"THE THAO THUONG 2TR3, SLOT THUONG 230K TANG 90K KHI XAC MINH TAI KHOAN NAP TIEN LAN DAU TANG NGAY 50K DKY TAI: https://t.ly/oScnl lMEtM",1,real,Cờ bạc / Betting,personal_number,1,0,Level 2 - Leet nặng,char_bilstm_hard,0.58658946,0.4134105,0,0.58658946,False,FN
train,ViSmish_01214,"TB CẤP BÁCH: Tài khoản của anh Trường (CMND: 182937456) đang nợ 8.200.000 VND tại HD Saison. Nếu trước 15h ngày 28/11 không thanh toán, chúng tôi sẽ công khai thông tin cá nhân trên toàn bộ mạng xã hội và gửi đến mọi tổ chức tín dụng.",1,paraphrased,Đòi nợ / Đe dọa,personal_number,0,0,Level 0 - Formal,char_bilstm_hard,0.9269652,0.07303484,0,0.9269652,False,FN
train,ViSmish_01229,UBND TP.HCM: Moi Nguyen Van Hung tham du buoi hop ve thu tuc hanh chinh tai tru so. Vui long xac nhan tham du bang cach goi lai so nay.,1,synthetic_hard_negative,Dịch vụ công giả,brandname,0,0,Level 0 - Formal,char_bilstm_hard,0.8007441,0.19925588,0,0.8007441,False,FN
train,ViSmish_01475,BET88: Nạp 50k thưởng liền 200k,1,paraphrased,Cờ bạc / Betting,personal_number,1,0,Level 0 - Formal,char_bilstm_hard,0.74583733,0.25416267,0,0.74583733,False,FN
train,ViSmish_01531,e G4ii mmu0N m4ng l4i ck0 ah su fucc Vu t0t nk4t t3le: tvhhanhthu,1,real,Nội dung nhạy cảm,personal_number,0,0,Level 2 - Leet nặng,char_bilstm_hard,0.9634546,0.0365454,0,0.9634546,False,FN
train,ViSmish_01624,"1/6 ap gem DWIN tag c()de 99k. x3 nap lan dau.choi gem bai,nohu,...tai: http://chutjf.space/r/Dbc8O0iBQe LH nhan c()de tele: http://chutjf.space/r/osO0ewBiiX Ac",1,real,Cờ bạc / Betting,personal_number,1,0,Level 1 - Leet nhẹ,char_bilstm_hard,0.67852825,0.32147175,0,0.67852825,False,FN
train,ViSmish_01715,"Cong ty Luat Thien An: Ma khoan vay Ho Thi Thu da duoc liet vao danh sach no xau CIC. Thanh toan 3,500,000 VND truoc 15/06/2025 de xoa no xau va giu uy tin.",1,synthetic_hard_negative,Đòi nợ / Đe dọa,brandname,0,0,Level 0 - Formal,char_bilstm_hard,0.52680016,0.47319987,0,0.52680016,False,FN
train,ViSmish_01751,"[TB] Để bảo đảm an toàn phòng cháy trong sử dụng điện, Bộ Công an khuyến cáo: Không sử dụng nhiều thiết bị điện có công suất lớn vào cùng một ổ cắm; không để hàng hóa, vật dụng dễ cháy gần các thiết bị điện sinh nhiệt; thường xuyên kiểm tra, sửa chữa, thay thế thiết bị điện và mạng điện hư hỏng; khi sử dụng thiết bị sinh nhiệt như bàn là, bếp điện… phải có người trông coi; ngắt nguồn và các thiết bị điện khi không sử dụng.",0,real,Dịch vụ công thật,brandname,0,0,NONE,char_bilstm_hard,0.08926767,0.9107323,1,0.9107323,False,FP
train,ViSmish_01811,"Phong Phap Che Ngan Hang: Ong/Ba Nguyen Van Duc co the tham gia goi trao doi tra no khi dong 30% = 4,500,000 VND truoc 30/06/2025. Goi 0978555444 de bien phap.",1,synthetic_hard_negative,Đòi nợ / Đe dọa,brandname,0,1,Level 0 - Formal,char_bilstm_hard,0.62608135,0.37391865,0,0.62608135,False,FN
train,ViSmish_01853,BHXH Viet Nam: Ho Van Nam can bo sung giay to cho ho so cap phep kinh doanh so QD-2025/001. Han chot ngay mai. Goi hotline QD-2025/001 de duoc ho tro.,1,synthetic_hard_negative,Dịch vụ công giả,brandname,0,0,Level 2 - Leet nặng,char_bilstm_hard,0.57702285,0.42297715,0,0.57702285,False,FN
train,ViSmish_01855,"H0tJ0b tuy3n d4ng th4nh v13n l4m t4i nh4. C0ng v13c d3 d4ng, h0m n40 l4m 2-3g10. Muc l4ng h4p d4n 15-50 tr1Eu/th4ng. Tu01 tu01 20-50 tu011. Z4l0: zalo.me/84912345678 Z4l0: 84912345678",1,paraphrased,Tuyển dụng giả,personal_number,1,1,Level 2 - Leet nặng,char_bilstm_hard,0.90070444,0.09929555,0,0.90070444,False,FN
train,ViSmish_01919,"[TB] Chúc mừng năm mới Quý Mão 2023! Người dân chủ động sắp xếp thời gian trở lại nơi làm việc và sinh sống tại các thành phố lớn, tránh tình trạng ùn tắc giao thông vào cuối dịp nghỉ lễ, tuyệt đối không điều khiển phương tiện khi đã sử dụng rượu, bia và các chất kích thích khác.",0,real,Dịch vụ công thật,brandname,0,0,NONE,char_bilstm_hard,0.47263354,0.52736646,1,0.52736646,False,FP
train,ViSmish_01925,"BHXH gui thong bao: Ho so BH-LD/2025/001 da duoc duyet 4,500,000 VND boi thuong tai nan lao dong. Vui long goi lai so nay de xac nhan nhan tien.",1,synthetic_hard_negative,BHXH / Trợ cấp giả,brandname,0,0,Level 2 - Leet nặng,char_bilstm_hard,0.7571817,0.24281828,0,0.7571817,False,FN
train,ViSmish_02114,Bạn đã yêu cầu Google khôi phục quyền truy cập cho duyj4f2004@gmail.com? Nếu không phải thì hãy kiểm tra email để tìm hiểu cách DỪNG yêu cầu này.,0,real,Khác,brandname,1,0,NONE,char_bilstm_hard,0.3647843,0.6352157,1,0.6352157,False,FP
train,ViSmish_02181,"Chào bạn, mình là Linh. Bạn đang tìm cách kiếm 150k mỗi ngày mà chỉ mất 15 phút không? Dễ ợt thôi!",1,paraphrased,Crypto / Đầu tư giả,personal_number,0,0,Level 0 - Formal,char_bilstm_hard,0.66604793,0.3339521,0,0.66604793,False,FN
train,ViSmish_02219,Chat Zalo: 0987654321 để kết nối với dịch vụ tư nhân nhanh chóng.,1,paraphrased,Nội dung nhạy cảm,personal_number,1,0,Level 0 - Formal,char_bilstm_hard,0.8407784,0.1592216,0,0.8407784,False,FN
train,ViSmish_02239,(Vietcombank)Chung toi phat hien tai khoan cua ban dang tieu dung o nuoc ngoai .Neu khong phai ban dang tieu dung vui long nhap vao https://i-vietcombank.com,1,real,Giả mạo ngân hàng,brandname,1,0,Level 0 - Formal,char_bilstm_hard,0.5186741,0.48132592,0,0.5186741,False,FN
train,ViSmish_02305,MSB: Tai khoan 19001234 cua quy khach Do Van I se bi khoa trong 24h do nghi van gian lan. Lien he 19001234 de xac minh.,1,synthetic_hard_negative,Giả mạo ngân hàng,brandname,0,0,Level 2 - Leet nặng,char_bilstm_hard,0.94019085,0.059809174,0,0.94019085,False,FN
train,ViSmish_02310,Su dung cuoc mien phi khong can nap S73qtEP ! Cuoc vào 3+ su kien (ty le tu 1.4). Hieu luc den 23.08 Kiem tra tai Cài dat tài khoan. https://slim.link/CbB DLS,1,real,Cờ bạc / Betting,personal_number,1,0,Level 0 - Formal,char_bilstm_hard,0.9677497,0.032250285,0,0.9677497,False,FN
train,ViSmish_02470,"[TB] Bộ Công an thông báo: Hiện nay, tội phạm giả mạo các trang web, ứng dụng của các tổ chức, tài khoản của các cá nhân (ngân hàng, mạng xã hội...) gửi các đường link để người dân đăng nhập nhằm chiếm quyền điều khiển các loại tài khoản, sau đó nhắn tin lừa đảo đến danh sách bạn bè của người bị hại; hoặc chiếm đoạt quyền sử dụng SIM điện thoại bằng nhiều thủ đoạn khác nhau để nhận mã xác thực tài khoản nhằm chiếm đoạt tài sản. Đề nghị người dân cảnh giác, không đăng nhập các trang mạng không chính thức, khi phát hiện trình báo ngay với cơ quan công an nơi gần nhất để được giải quyết.",0,real,Dịch vụ công thật,brandname,0,0,NONE,char_bilstm_hard,0.10709679,0.8929032,1,0.8929032,False,FP
train,ViSmish_02488,"Trung Tam Tin Dung F& TB den Ong/Ba: So CMND: *** 20U. Chung toi nghi ngo Ong/Ba dang lam dung su tin nhiem chiem doat Tai San NHNNVN voi so tien: 48,554,336VND (tien goc). Canh bao lan cuoi truoc 16H Ngay 10/01/2020 thanh toan gap so tien toi thieu: 3,725,583VND cho NHNNVN. Tiep tuc tron tranh, bat hop tac, moi rui ro ve Uy tin, Danh du, Suc khoe tinh than va Tai san, Ong/Ba tu chiu trach nhiem.",1,real,Đòi nợ / Đe dọa,personal_number,0,0,Level 2 - Leet nặng,char_bilstm_hard,0.7319788,0.2680212,0,0.7319788,False,FN
train,ViSmish_02495,"[Bo Cong an] Canh bao: Khong cung cap OTP, thong tin ca nhan qua dien thoai cho nguoi la. Truy cap bocongan.gov.vn de cap nhat tin tuc.",0,synthetic,Dịch vụ công thật,brandname,1,0,NONE,char_bilstm_hard,0.18660134,0.81339866,1,0.81339866,False,FP
train,ViSmish_02675,"[KHUYẾN CÁO] Hiện có nhiều đối tượng thực hiện các cuộc gọi mạo danh Cơ quan QLNN hoặc Viettel yêu cầu người dân cung cấp thông tin cá nhân, mã OTP phục vụ chuẩn hóa thông tin thuê bao, nếu không thực hiện sẽ khoá máy. Viettel xin khuyến cáo: Quý khách tuyệt đối không cung cấp OTP qua điện thoại và chỉ thực hiện theo hướng dẫn trong tin nhắn, cuộc gọi từ các kênh chính thức của Viettel: 1. Tin nhắn hiển thị VIETTEL 2. Cuộc gọi từ VIETTELCSKH hoặc số 02462660198 3. Cuộc gọi từ VIETTELCARE hoặc số 02466888098 Chi tiết liên hệ 198 (0đ). Trân trọng cảm ơn!",0,real,Viễn thông,brandname,0,1,NONE,char_bilstm_hard,0.19358349,0.8064165,1,0.8064165,False,FP
train,ViSmish_02698,Chào bạn! Tận dụng ngay cơ hội đầu tư sinh lời siêu tốc với app ABC. Chỉ cần gửi 15 triệu vào TK: 1234567890 (CT CP ĐẦU TƯ XYZ) là nhận ngay lãi suất 30%/tháng. Tham gia sớm nào!,1,paraphrased,Crypto / Đầu tư giả,personal_number,0,0,Level 0 - Formal,char_bilstm_hard,0.5990294,0.4009706,0,0.5990294,False,FN
train,ViSmish_02728,"Ban van muon biet thong tin các cuộc gọi trong luc tat may, hoac ngoai vung phu song. Hay dang ky ngay dịch vụ MCA (BAO CUỘC GỌI NHO) Soan: DV MCA gui 9084",1,real,Khác,personal_number,0,0,Level 0 - Formal,char_bilstm_hard,0.9714358,0.02856421,0,0.9714358,False,FN
train,ViSmish_02763,Hèng quá nên toàn bị cđ leo lên đầu thoii,0,external_real,P2P hội thoại thông thường,personal_number,0,0,NONE,char_bilstm_hard,0.49711764,0.50288236,1,0.50288236,False,FP
train,ViSmish_02871,"Van phong Thua phat lai Quan 1: Ong/Ba Nguyen Van Duc co the tham gia goi trao doi tra no khi dong 30% = 4,500,000 VND truoc 30/06/2025. Goi 0978555444 de bien phap.",1,synthetic_hard_negative,Đòi nợ / Đe dọa,brandname,0,1,Level 0 - Formal,char_bilstm_hard,0.85429263,0.14570737,0,0.85429263,False,FN
train,ViSmish_02892,"[TB] Bộ Văn hóa, Thể thao và Du lịch khuyến cáo: Trong thời gian gần đây, tình trạng một số tổ chức, cá nhân, người chuyển tải sản phẩm quảng cáo có ảnh hưởng tham gia hoạt động quảng cáo trên mạng xã hội sai sự thật, làm ảnh hưởng đến quyền lợi của người tiêu dùng. Người dân cần nâng cao cảnh giác đối với các thông tin quảng cáo, đặc biệt là quảng cáo về sữa, thuốc, thực phẩm chức năng, mỹ phẩm… để chọn lọc, đánh giá, kiểm tra chất lượng hàng hoá trước khi quyết định lựa chọn sản phẩm, hàng hóa, dịch vụ.",0,real,Dịch vụ công thật,brandname,0,0,NONE,char_bilstm_hard,0.024389744,0.97561026,1,0.97561026,False,FP
train,ViSmish_02918,"Sendo.vn TB: Don hang #SPE2025123456 dang giu tai buu cuc co phat sinh phi qua tai 1,000,000 VND. Vui long thanh toan trc khi nhan hang.",1,synthetic_hard_negative,Khác,brandname,0,0,Level 0 - Formal,char_bilstm_hard,0.57032466,0.42967537,0,0.57032466,False,FN
train,ViSmish_03136,"Gặp nhau tại quán cafe Ánh Dương, phòng 302, tầng 5. Tìm tôi nhé, hẹn hò thú vị đang chờ.",1,paraphrased,Nội dung nhạy cảm,personal_number,0,0,Level 0 - Formal,char_bilstm_hard,0.7504858,0.2495142,0,0.7504858,False,FN
train,ViSmish_03221,[Phong Lao dong Thuong binh Xa hoi] TB: Giay to nhan than cua Pham Thi Huong can cap nhat theo QD 1234/CV-CT. Vui long goi 1234/CV-CT de duoc huong dan cap nhat mien phi.,1,synthetic_hard_negative,Dịch vụ công giả,brandname,0,0,Level 2 - Leet nặng,char_bilstm_hard,0.70037585,0.29962415,0,0.70037585,False,FN
train,ViSmish_03242,[BHXH] Nhac nho: The BHYT cua ban se het han vao cuoi thang nay. Vui long truy cap cong dich vu cong baohiemxahoi.gov.vn de thuc hien gia han truc tuyen.,0,synthetic,Dịch vụ công thật,brandname,1,0,NONE,char_bilstm_hard,0.17909598,0.820904,1,0.820904,False,FP
train,ViSmish_03249,San pham trong gio hang cua ban van chua duoc thanh toan. Thanh toan ngay de duoc giao hang som: https://go.cps.onl/2n3tbjwe . Ho tro: 18002097,1,real,Khác,brandname,1,1,Level 0 - Formal,char_bilstm_hard,0.78258276,0.21741726,0,0.78258276,False,FN
train,ViSmish_03393,[Bo Cong An] Lich thi hanh an: Le Van Thanh can co mat tai Bo Cong An vao 8h00 ngay mai. Lien he so QD-2025/001 neu can doi lich.,1,synthetic_hard_negative,Dịch vụ công giả,brandname,0,0,Level 0 - Formal,char_bilstm_hard,0.9535063,0.04649373,0,0.9535063,False,FN
train,ViSmish_03468,"[Agribank] He thong ngan hang se bao tri tu 23:00 den 05:00. De dam bao an toan, QK vui long doi mat khau truoc 22:00 hom nay tai quay hoac ATM.",1,synthetic_hard_negative,Giả mạo ngân hàng,brandname,0,0,Level 0 - Formal,char_bilstm_hard,0.77919006,0.22080995,0,0.77919006,False,FN
train,ViSmish_03491,"Bộ Công an thông báo: Hiện nay, tội phạm giả mạo là người nước ngoài (sỹ quan, binh lính đang tham gia chiến tranh, làm nhiệm vụ quốc tế tại các khu vực chiến sự... không có người thân) thông qua mạng xã hội làm quen, sau đó lấy lý do gửi quà, đồ vật giá trị, thậm chí là ngoại tệ, vàng có giá trị rất lớn nhờ nhận, quản lý, lưu giữ; sau đó giả danh là nhân viên sân bay, hải quan, thuế... yêu cầu nộp tiền cước vận chuyển, thuế, phi, tiền phạt, chi phí tiêu cực... để chiếm đoạt. Đề nghị người dân cảnh giác, không chuyển tiền vào các tài khoản do đối tượng yêu cầu và trình báo ngay với cơ quan công an nơi gần nhất để được giải quyết.",0,real,Dịch vụ công thật,brandname,0,0,NONE,char_bilstm_hard,0.39538866,0.60461134,1,0.60461134,False,FP
train,ViSmish_03576,"Sau khi đạt thành tích tốt ở Seagame, VĐV Nguyễn Thị Oanh nhận được quyết định tăng lương trong thời gian gọi lên tuyển là 7tr500 đồng một tháng, còn khi không lên tuyển thì vẫn giữ như cũ.",0,external_curated,P2P hard negative,personal_number,0,0,NONE,char_bilstm_hard,0.38201743,0.61798257,1,0.61798257,False,FP
train,ViSmish_03585,Bo Cong An: Moi Nguyen Thi Xuan tham du buoi hop ve thu tuc hanh chinh tai tru so. Vui long xac nhan tham du bang cach goi lai so nay.,1,synthetic_hard_negative,Dịch vụ công giả,brandname,0,0,Level 0 - Formal,char_bilstm_hard,0.8410481,0.15895186,0,0.8410481,False,FN
train,ViSmish_03628,"Nạp ngay vào ví điện tử 188888888888 (MoMo) để tham gia dự án sinh lời 12%/ngày từ sàn đầu tư toàn cầu ZZZ Finance. Cơ hội vàng, nhanh tay thì giàu!",1,paraphrased,Crypto / Đầu tư giả,personal_number,0,0,Level 0 - Formal,char_bilstm_hard,0.56001955,0.43998045,0,0.56001955,False,FN
train,ViSmish_03670,Chuc mung QK duoc tang The tin dung VIB han muc  70.000.000 VND & mien phi thuong nien. Hoan tat nhan the tai ung dung MyVIB hoac tai day: bit.ly/TheMyVIB01 . Luu y: QK chon muc The va nhan + de hoan tat thao tac.,0,real,Khác,brandname,0,0,NONE,char_bilstm_hard,0.4902169,0.5097831,1,0.5097831,False,FP
train,ViSmish_03677,"[TB] NGÀY ĐỘC THÂN KHÔNG CÔ ĐƠN Soạn 3UMAX4G gửi 191 để nhận MIỄN PHÍ data 4G trong 90 ngày đầu tiên, KHÔNG GIỚI HẠN LƯU LƯỢNG truy cập Facebook, Youtube... Lưu ý: 1. Để sử dụng ưu đãi, Quý khách cần bật chế độ 4G/LTE trên máy (xem hướng dẫn tại http://viettel.vn/on4g ) 2. Sau 90 ngày, DV sẽ gia hạn với 150.000đ 3. KM áp dụng 1 lần đến 30/11/2021 cho TB nhận được tin nhắn.  LH 198 (0đ).",0,real,Viễn thông,brandname,1,0,NONE,char_bilstm_hard,0.3727916,0.6272084,1,0.6272084,False,FP
train,ViSmish_03740,"Bo phan An ninh Ngan hang: Ong/Ba Nguyen Van Duc co the tham gia goi trao doi tra no khi dong 30% = 4,500,000 VND truoc 10/07/2025. Goi 0978555444 de bien phap.",1,synthetic_hard_negative,Đòi nợ / Đe dọa,brandname,0,1,Level 0 - Formal,char_bilstm_hard,0.5432793,0.45672074,0,0.5432793,False,FN
train,ViSmish_03817,"[MSB] He thong ngan hang se bao tri tu 23:00 den 05:00. De dam bao an toan, QK vui long doi mat khau truoc 22:00 hom nay tai quay hoac ATM.",1,synthetic_hard_negative,Giả mạo ngân hàng,brandname,0,0,Level 0 - Formal,char_bilstm_hard,0.8217666,0.17823339,0,0.8217666,False,FN
train,ViSmish_03826,Thông báo: Cơ quan điều tra đang xử lý đơn tố cáo lừa đảo từ phía quý khách. Quý khách cần thanh toán ngay 500 triệu trong vòng 2 tiếng tới để tránh mọi hệ lụy pháp lý nghiêm trọng nhất.,1,paraphrased,Đòi nợ / Đe dọa,personal_number,0,0,Level 0 - Formal,char_bilstm_hard,0.5209038,0.47909617,0,0.5209038,False,FN
train,ViSmish_03849,"các b cứ yên tâm, bộ ngoại giao thì phản đối chứ bộ quốc phòng thì vẫn sẵn sàng, nói chung là tầm vài năm nữa TQ nó hoàn thiện rồi trao trả lại cho mình, mình đỡ đc bao nhiêu việc",0,external_curated,P2P hard negative,personal_number,0,0,NONE,char_bilstm_hard,0.25034493,0.74965507,1,0.74965507,False,FP
train,ViSmish_03880,"chị cũng nũng nịu íu đúi nhờ vả chồng đi xong nịnh nọt khen ngợi mấy anh đồng nghiệp chồng lôi kéo đồng minh chọc tức lại chơi  chị cứ dùng hành động chọc tức lại cho zui chứ ko phải nói gì sất, đề phòng nói xong chị A lại ra vẻ đáng thương thì mình thiệt á =)))))",0,external_curated,P2P hard negative,personal_number,0,0,NONE,char_bilstm_hard,0.31869686,0.68130314,1,0.68130314,False,FP
train,ViSmish_03901,VPBank: Quy khach vua nhan duoc 1 voucher giam gia tu VPBank NEO. Kiem tra ngay tai app.vpbank.com.vn.,0,synthetic,Ngân hàng thật,brandname,1,0,NONE,char_bilstm_hard,0.40735388,0.5926461,1,0.5926461,False,FP
train,ViSmish_03909,"(TPBank) Tu 01/07/22, TPBank dieu chinh DV thong bao Bien dong so du tai khoan - SMS Banking. Xem chi tiet cac goi DV tai websits hoac LH 19006036/1902585885",1,real,Giả mạo ngân hàng,personal_number,0,1,Level 0 - Formal,char_bilstm_hard,0.97361004,0.026389958,0,0.97361004,False,FN
train,ViSmish_04032,"Khi phát hiện cháy cần bình tĩnh báo cho mọi người xung quanh biết và tìm cách thoát ra các vị trí thông thoáng, an toàn nhanh nhất; tuyệt đối không trú ẩn ở các khu vực khuất kín (nhà vệ sinh, tủ quần áo...), không dùng thang máy để thoát hiểm. Khi di chuyển thoát nạn cần dùng khăn, vải ướt che miệng mũi và hạ thấp cơ thể để tránh hít phải khói khí độc. Khi phải băng qua lửa cần lấy chăn mền ướt chùm kín cơ thể. Mỗi cơ sở, hộ gia đình cần có nhiều phương án, lối thoát nạn an toàn phòng khi có cháy xảy ra.",0,real,Dịch vụ công thật,brandname,0,0,NONE,char_bilstm_hard,0.2944787,0.7055213,1,0.7055213,False,FP
train,ViSmish_04081,"Viettel: Thue bao 0865432109 dang hoat dong bat thuong. De bao ve tai khoan, vui long goi 0899001122 de doi SIM moi bao mat hoan toan mien phi.",1,synthetic_hard_negative,Khác,brandname,0,1,Level 0 - Formal,char_bilstm_hard,0.56946456,0.43053547,0,0.56946456,False,FN
train,ViSmish_04245,[Sacombank] Thẻ tín dụng ****8892 sắp đến hạn thanh toán. Vui lòng nạp tiền để tránh phạt quá hạn. Hotline 1800585888.,0,synthetic,Ngân hàng thật,brandname,0,1,NONE,char_bilstm_hard,0.25810212,0.7418979,1,0.7418979,False,FP
train,ViSmish_04355,"V7 top 3 nha cai VN, tuyen dai ly voi muc hoa hong len den 50% , tra hoa hong nhieu hinh thuc , lien he zalo Van: 0935123456 Link: https://v7bet.vip",1,real,Cờ bạc / Betting,shortcode,1,1,Level 0 - Formal,char_bilstm_hard,0.57418764,0.4258124,0,0.57418764,False,FN
train,ViSmish_04356,"[Van phong Thua phat lai Quan 1] Thong bao: Bui Van Khanh con no 7,000,000 VND den han 10/07/2025. Vui long thanh toan toan bo de tranh phat lai va xu ly phap ly.",1,synthetic_hard_negative,Đòi nợ / Đe dọa,brandname,0,0,Level 0 - Formal,char_bilstm_hard,0.5199646,0.4800354,0,0.5199646,False,FN
train,ViSmish_04404,[TB] MTTQ Việt Nam kêu gọi chung tay ủng hộ đồng bào bị thiệt hại do bão lũ gây ra. Các tài khoản tiếp nhận: 55102025 tại Vietinbank; 8639699999 tại BIDV; 1400666102025 tại Agribank; 8888881010 tại Vietcombank; 0606 tại MBbank.,0,real,Viễn thông,brandname,0,0,NONE,char_bilstm_hard,0.40237826,0.59762174,1,0.59762174,False,FP
train,ViSmish_04483,"egeR #Ban da-du D1EU K1EN HOAN~THUE TNCN, tai:https://hoanthue-tncn.vip",1,real,Dịch vụ công giả,personal_number,1,0,Level 2 - Leet nặng,char_bilstm_hard,0.6837323,0.31626773,0,0.6837323,False,FN
train,ViSmish_04513,"Theo NQ-116, Ong(Ba) da du d!eu k!en NHAN TIEN h0 tro tu quy B/H/T/N. Bam vao www.wtudl.icu de. QUA' HAN SE KH0NG DUOC CHAP NHAN! SP0s",1,real,BHXH / Trợ cấp giả,personal_number,1,0,Level 2 - Leet nặng,char_bilstm_hard,0.57315934,0.4268407,0,0.57315934,False,FN
train,ViSmish_04526,"Chào bạn, mình là anh Tu. Có việc siêu hot kiếm 20 triệu/ngày. Làm lúc nào cũng được, không cần vốn sờ sờ.",1,paraphrased,Crypto / Đầu tư giả,personal_number,0,0,Level 0 - Formal,char_bilstm_hard,0.56169474,0.43830526,0,0.56169474,False,FN
train,ViSmish_04541,Bách hóa xanh: Tặng voucher giảm 50.000đ khi quý khách giới thiệu hàng xóm mua sắm tại bachhoaxanh.com lần đầu. Áp dụng cho đơn từ 300.000đ. Thời hạn đến 30/11/2025.,0,synthetic,Quảng cáo hợp lệ,brandname,1,0,NONE,char_bilstm_hard,0.47560138,0.5243986,1,0.5243986,False,FP
train,ViSmish_04548,"Phat hien tai khoan cua ban dang nhap khac vung bat thuong ,vui long dang nhap https://vn-vietinbank.com de xac nhan thong tin va thay doi mat khau",1,real,Giả mạo ngân hàng,brandname,1,0,Level 0 - Formal,char_bilstm_hard,0.6363401,0.36365992,0,0.6363401,False,FN
train,ViSmish_04614,"Vietcombank nhan duoc yeu cau KICH HOAT LAI UNG DUNG VCB DIGIBANK. Neu Quy khach KHONG CHU DONG yeu cau, TUYET DOI KHONG CUNG CAP HOAC XAC NHAN BANG MA OTP de tranh rui ro bi CHIEM DOAT TAI 29,111,111VND luc 25-11-2022 15:26:45. SD 46,027VND. Ret",1,real,Giả mạo ngân hàng,personal_number,0,0,Level 2 - Leet nặng,char_bilstm_hard,0.98741186,0.012588143,0,0.98741186,False,FN
train,ViSmish_04663,BHXH Viet Nam: Moi Doanh nghiep XYZ tham du buoi hop ve thu tuc hanh chinh tai tru so. Vui long xac nhan tham du bang cach goi lai so nay.,1,synthetic_hard_negative,Dịch vụ công giả,brandname,0,0,Level 0 - Formal,char_bilstm_hard,0.7522741,0.24772592,0,0.7522741,False,FN
train,ViSmish_04672,DVCQG: Tài khoản của quý khách chưa được xác thực danh mục cấp 2. Vui lòng cập nhật ngay tại: dvcqg-otp.net,1,paraphrased,Dịch vụ công giả,brandname,1,0,Level 0 - Formal,char_bilstm_hard,0.8022015,0.19779849,0,0.8022015,False,FN
train,ViSmish_04722,"[KHẨN CẤP]: Đơn tố cáo về hành vi chiếm đoạt tài sản của quý khách đã được chuyển đến Cơ quan điều tra. Hãy liên hệ ngay trong vòng 2 giờ tới để làm rõ vụ việc, nếu không hồ sơ sẽ được chuyển sang giai đoạn khởi tố.",1,paraphrased,Đòi nợ / Đe dọa,personal_number,0,0,Level 0 - Formal,char_bilstm_hard,0.813356,0.186644,0,0.813356,False,FN
train,ViSmish_04765,"Sau lần bị bế tắc và suy sụp vì phá sản, gánh 1 khoản nợ trên vai thì t mới bắt đầu sống kiểu yolo.",0,external_curated,P2P hard negative,personal_number,0,0,NONE,char_bilstm_hard,0.4064445,0.5935555,1,0.5935555,False,FP
train,ViSmish_04797,UNG DUNG VCB DIGIBANK cua ban duoc PHAT HIEN KICH HOAT tren thiet bi la .Neu KHONG PHA BAN KICH HOAT vui long bam vao https://vietcombank.vn-ms.top de doi thiet bi hoac huy de tranh mat tai san,1,real,Giả mạo ngân hàng,brandname,1,0,Level 2 - Leet nặng,char_bilstm_hard,0.63874745,0.36125255,0,0.63874745,False,FN
train,ViSmish_04811,"[MTTQ VN] Phat dong thang hanh dong vi nguoi ngheo. Moi su ung ho xin gui ve Quy Vi nguoi ngheo Trung uong, STK 3761.0.9054386 tai Kho bac Nha nuoc.",0,synthetic,Dịch vụ công thật,brandname,0,0,NONE,char_bilstm_hard,0.25995672,0.7400433,1,0.7400433,False,FP
train,ViSmish_04825,"Sơn đang ở đâu đấy, mua hộ tớ cái thẻ điện thoại Viettel 100k với, lát tớ bắn lại cho.",1,synthetic_hard_negative,Khác,personal_number,0,0,Level 0 - Formal,char_bilstm_hard,0.94288754,0.05711243,0,0.94288754,False,FN
train,ViSmish_04869,"[Trung tam Viec lam Quoc gia] Ho so nop viec cua ban phu hop vi tri Ke toan. De tham gia phong van online, vui long chuyen phi ho so 150.000 VND. Lien he: 0912345678.",1,synthetic_hard_negative,Tuyển dụng giả,brandname,0,1,Level 0 - Formal,char_bilstm_hard,0.6195197,0.38048032,0,0.6195197,False,FN
train,ViSmish_04882,"Cty Bao Hiem FWD Vietnam thong bao: Cty da nhan duoc ho so bao hiem cua Quy khach NGUYEN HOANG DUY, hop dong du thao so 70469888. Chung toi se thong bao ket qua tham dinh den Quy khach trong thoi gian som nhat. Tran trong cam on.",0,real,Khác,brandname,0,0,NONE,char_bilstm_hard,0.4273439,0.5726561,1,0.5726561,False,FP
train,ViSmish_04949,[Shopee Viet Nam] Canh bao: Don hang #TKI-0045678 cua ban co dau hieu gian lan. Can xac nhan lai don bang cach goi so 19001234 trong 2h.,1,synthetic_hard_negative,Khác,brandname,0,1,Level 4 - Mixed special characters,char_bilstm_hard,0.64353913,0.35646087,0,0.64353913,False,FN
train,ViSmish_04967,[J&T Express] Canh bao: Don hang #JT20250512345 cua ban co dau hieu gian lan. Can xac nhan lai don bang cach goi so 19001234 trong 2h.,1,synthetic_hard_negative,Khác,brandname,0,1,Level 4 - Mixed special characters,char_bilstm_hard,0.802878,0.19712196,0,0.802878,False,FN
train,ViSmish_04995,"ACB CANH BAO SMS LUA DAO: Hien co thu doan SMS GIA MAO dau so ACB moi KH dang nhap link gia, cung cap USER, MAT KHAU, OTP. ACB HOAN TON KHONG ng tin tren Quy KH https://live hoac tai app Appacb.appstore",1,real,Giả mạo ngân hàng,personal_number,1,0,Level 2 - Leet nặng,char_bilstm_hard,0.6643399,0.33566007,0,0.6643399,False,FN
train,ViSmish_05047,"Agribank: Quy khach co qua tang 50,000VND khi thanh toan hoa don tren Agribank E-Mobile Banking. Han dung den 30/11.",0,synthetic,Ngân hàng thật,brandname,0,0,NONE,char_bilstm_hard,0.44825828,0.5517417,1,0.5517417,False,FP
train,ViSmish_05105,"(TB) Hiện có nhiều đối tượng thực hiện các cuộc gọi mạo danh Cơ quan QLNN hoặc VinaPhone yêu cầu người dân cung cấp thông tin cá nhân phục vụ chuẩn hóa thông tin thuê bao, nếu không thực hiện sẽ khoá máy.  VinaPhone xin khuyến cáo:  - Chỉ các thuê bao nhận được tin nhắn/cuộc gọi thông báo từ các kênh chính thức của VinaPhone mới cần thực hiện cập nhật lại thông tin thuê bao theo cách được hướng dẫn trong tin nhắn/cuộc gọi thông báo.  - VinaPhone sẽ thông báo mời chuẩn hóa thông tin thuê bao qua các kênh chính thức: (1) Tin nhắn từ tên định danh VinaPhone, (2) Cuộc gọi hiển thị tên định danh VinaPhone hoặc từ các số điện thoại 0911001091, 0888001091.  Chi tiết liên hệ Tổng đài CSKH 18001091 (0đ) để được hướng dẫn.  Trân trọng cảm ơn Quý khách!",0,real,Viễn thông,brandname,0,1,NONE,char_bilstm_hard,0.11788654,0.88211346,1,0.88211346,False,FP
train,ViSmish_05111,"""CẢNH BÁO NGHIÊM TRỌNG!!! Ông Nguyễn Hoàng Nam (CCCD: 031092145678) chưa thanh toán khoản vay 4.285.300 VND tại Home Credit, hạn chót 12/10 - 16h. Chúng tôi đã lưu trữ đầy đủ hồ sơ, sẵn sàng khởi kiện và phát tán toàn bộ thông tin cá nhân lên các diễn đàn pháp lý cũng như mạng xã hội nếu chậm trễ. Liên hệ ngay qua Zalo: 0912345678 để tránh hậu quả pháp lý.""",1,paraphrased,Đòi nợ / Đe dọa,personal_number,0,1,Level 0 - Formal,char_bilstm_hard,0.62344384,0.37655616,0,0.62344384,False,FN
train,ViSmish_05130,"HUIT – Chuc mung Ban da TRUNG TUYEN CHINH THUC! Moi ban den HUI nhap hoc tu ngay 18/8 den 17h00 ngay 27/8/2024. Dong thoi, HUIT tang ngay uu dai 3 trieu dong danh cho 2.000 thi sinh nhap học som nhat. Tra cuu ket qua tai: huit.edu.vn/kqtt. Lien he: 02871085555, 0949981717, Zalo:",1,real,Khác,brandname,1,1,Level 2 - Leet nặng,char_bilstm_hard,0.69054425,0.30945572,0,0.69054425,False,FN
train,ViSmish_05157,"() **DIGIBANK MSB:** Quý khách vui lòng truy cập ngay https://msb-digibank-verify.com để xác nhận giao dịch mới. Nếu không phải do Quý khách thực hiện, vui lòng hủy ngay.",1,paraphrased,Giả mạo ngân hàng,brandname,1,0,Level 0 - Formal,char_bilstm_hard,0.88943076,0.11056922,0,0.88943076,False,FN
train,ViSmish_05202,WinMart: Chuc mung ban da thang hang thanh vien Kim Cuong. Xem dac quyen tai winmart.com.vn. Hotline 18006968.,0,synthetic,Quảng cáo hợp lệ,brandname,1,1,NONE,char_bilstm_hard,0.4355768,0.5644232,1,0.5644232,False,FP
train,ViSmish_05337,"[VPBank] Thong bao quan trong: Thong tin the cua QK Nguyen Van A da bi lo. De bao mat, vui long goi 18001818 de cap the moi mien phi.",1,synthetic_hard_negative,Giả mạo ngân hàng,brandname,0,0,Level 0 - Formal,char_bilstm_hard,0.6367782,0.36322182,0,0.6367782,False,FN
train,ViSmish_05338,"BHXH gui thong bao: Ho so BH-LD/2025/001 da duoc duyet 3,000,000 VND boi thuong tai nan lao dong. Vui long goi lai so nay de xac nhan nhan tien.",1,synthetic_hard_negative,BHXH / Trợ cấp giả,brandname,0,0,Level 2 - Leet nặng,char_bilstm_hard,0.695933,0.30406705,0,0.695933,False,FN
train,ViSmish_05399,UNG DUNG SHB DIGIBANK cua ban duoc PHAT HIEN KICH HOAT tren thiet bi la .Neu KHONG PHAI BAN KICH HOAT vui long bam vao https://shb.com.vn-kps.top de doi thiet bi hoac huy de tranh mat tai san,1,real,Giả mạo ngân hàng,brandname,1,0,Level 2 - Leet nặng,char_bilstm_hard,0.58826,0.41174,0,0.58826,False,FN
train,ViSmish_05408,tui mượn bạn 500 nghìn bạn đã bẩu bạn không quen tui,0,external_curated,P2P hard negative,personal_number,0,0,NONE,char_bilstm_hard,0.3149891,0.6850109,1,0.6850109,False,FP
train,ViSmish_05409,"Anh co can GAI LAM tjnh K0? E di lam them kiem tien tieu vat EM 20 T DANG NG0N, B0DY chuan Den tan noi LAM TJNH Ket Ban Telegram: https://t.me/gaixinh_hcm QNfT",1,real,Nội dung nhạy cảm,personal_number,1,0,Level 2 - Leet nặng,char_bilstm_hard,0.85401535,0.14598465,0,0.85401535,False,FN
train,ViSmish_05489,"Ong/Ba: Trung Tam Tin Dung F& TB de nI So CMND: *** 205. Chung toi nghi ngo Ong/Ba dang lam dung su tin nhiem chiem doat Tai San NHNNVN voi so tien: 48,554,336VND (tien goc). Canh bao lan cuoi truoc 16H Ngay 10/01/2020 thanh toan gap so tien toi thieu: 3,725,583VND cho NHNNVN. Tiep tuc tron tranh, bat hop tac, moi rui ro ve Uy tin, Danh du, Suc khoe tinh than va Tai san, Ong/Ba tu chiu trach nhiem.",1,real,Đòi nợ / Đe dọa,personal_number,0,0,Level 2 - Leet nặng,char_bilstm_hard,0.7603163,0.23968369,0,0.7603163,False,FN
train,ViSmish_05561,Bach hoa xanh: Giam ngay 50k cho hoa don tu 500k khi mua sam truc tuyen tai bachhoaxanh.com. Thoi han den ngay 20/05/2026.,0,synthetic,Quảng cáo hợp lệ,brandname,1,0,NONE,char_bilstm_hard,0.45467502,0.545325,1,0.545325,False,FP
train,ViSmish_05623,Gửi ngay 5 triệu vào ví điện tử ZaloPay số 0987654321 (tên chủ tài khoản: TRAN THI B) để chuyên viên tư vấn đầu tư Forex sinh lời nhanh chóng 20%/tháng.,1,paraphrased,Crypto / Đầu tư giả,personal_number,0,0,Level 0 - Formal,char_bilstm_hard,0.74919677,0.25080326,0,0.74919677,False,FN
train,ViSmish_05733,Tiki: Kiện hàng thuộc đơn TKI-1029384756 đã được giao thành công. Hãy đánh giá sản phẩm để nhận được Tiki Xu.,0,synthetic,Thương mại điện tử,brandname,0,0,NONE,char_bilstm_hard,0.28809124,0.71190876,1,0.71190876,False,FP
train,ViSmish_05780,Thắng Lớn 247 tuyển cộng tác viên hưởng hoa hồng lên đến 60% cho mọi chiến thắng!,1,paraphrased,Cờ bạc / Betting,shortcode,1,1,Level 0 - Formal,char_bilstm_hard,0.5153411,0.4846589,0,0.5153411,False,FN
train,ViSmish_05807,"BHXH gui thong bao: Ho so NQ116/HCM/0987 da duoc duyet 4,500,000 VND boi thuong tai nan lao dong. Vui long goi lai so nay de xac nhan nhan tien.",1,synthetic_hard_negative,BHXH / Trợ cấp giả,brandname,0,1,Level 2 - Leet nặng,char_bilstm_hard,0.76089823,0.23910177,0,0.76089823,False,FN
train,ViSmish_05856,Chung toi phat hien tai khoan cua ban dang tieu dung o nuoc ngoai .Neu khong phai ban dang tieu dung vui long nhap vao https://v-acb.com de huy thanh toan,1,real,Giả mạo ngân hàng,brandname,1,0,Level 0 - Formal,char_bilstm_hard,0.5903748,0.4096252,0,0.5903748,False,FN
train,ViSmish_05867,"– Zalo: 0987654321 – Đến quán cafe ""Hà Nội Xanh"" (số 123 phố Tràng Tiền) để kết bạn, mọi lứa tuổi chào đón!",1,paraphrased,Nội dung nhạy cảm,personal_number,1,0,Level 0 - Formal,char_bilstm_hard,0.5023234,0.4976766,0,0.5023234,False,FN
train,ViSmish_05904,"(TB) Các cá nhân, tổ chức tuyệt đối không sản xuất, mua bán, tàng trữ, vận chuyển, sử dụng trái phép các loại vũ khí, vật liệu nổ, công cụ hỗ trợ và pháo; tích cực phát hiện, tố giác, đấu tranh với tội phạm, hành vi vi phạm pháp luật. Mọi thông tin về tội phạm và vi phạm pháp luật về vũ khí, vật liệu nổ, công cụ hỗ trợ và pháo, đề nghị cung cấp kịp thời cho cơ quan Công an nơi gần nhất hoặc qua đường dây nóng số điện thoại 02518.820.999 hoặc trên ứng dụng VneID.",0,real,Dịch vụ công thật,brandname,0,1,NONE,char_bilstm_hard,0.37721115,0.62278885,1,0.62278885,False,FP
train,ViSmish_05910,Ong-Ba da duoc phe duyet NHAN TRO CAP theo QD 427. Bam vao link: https://trocap123.vn/dang-ky. KHONG HOAN THIEN TRONG THOI HAN SE BI TU CHOI.,1,paraphrased,BHXH / Trợ cấp giả,personal_number,1,0,Level 2 - Leet nặng,char_bilstm_hard,0.86175144,0.13824855,0,0.86175144,False,FN
train,ViSmish_05953,"Chao ban Le Thi Hoa, dung quen uong thuoc sau bua an sang theo don cua bac si BV Cho Ray nhe. Chuc ban mau khoe!",0,synthetic,Dịch vụ y tế,personal_number,0,0,NONE,char_bilstm_hard,0.21469718,0.7853028,1,0.7853028,False,FP
train,ViSmish_06007,SPX Express: SPX4455667788 giao khong thanh cong lan 3. Kien hang dang cho hoan. Lien he: 0967890123.,0,synthetic,Vận chuyển,brandname,0,1,NONE,char_bilstm_hard,0.40754098,0.592459,1,0.592459,False,FP
train,ViSmish_06105,MB: TK 462xxx cua quy khach da bi tam thoi khoa do het han su dung. Vui long truy cap lien ket mbank.vn.dn ngay de kich hoat va nhan mien phi 1 phan thuong.,1,paraphrased,Giả mạo ngân hàng,shortcode,1,0,Level 0 - Formal,char_bilstm_hard,0.83360606,0.16639394,0,0.83360606,False,FN
train,ViSmish_06126,Nhà cái F8Bet: Nhận ngay 500k miễn phí chỉ cần tải app và đăng ký tài khoản!,1,paraphrased,Cờ bạc / Betting,personal_number,1,0,Level 0 - Formal,char_bilstm_hard,0.67254275,0.32745725,0,0.67254275,False,FN
train,ViSmish_06179,BV Nhi Trung uong: Ket qua xet nghiem cua be Tran Bao Nam da san sang. Quy phu huynh vui long den lay tai Quay 5 Khoa Xet nghiem.,0,synthetic,Dịch vụ y tế,brandname,0,0,NONE,char_bilstm_hard,0.49375927,0.5062407,1,0.5062407,False,FP
train,ViSmish_06205,"OCBC: Please allow 1-2 hours for PAYEE MR  J  D O E  to be succesfully added. If this was NOT you, please verify: payee-ocbc.com",1,real,Giả mạo ngân hàng,brandname,1,0,Level 2 - Leet nặng,char_bilstm_hard,0.6808808,0.3191192,0,0.6808808,False,FN
train,ViSmish_06226,"Tui dang o cong nha rui, ong xuong nhanh nhe.",0,synthetic,Tin nhắn cá nhân và OTP,personal_number,0,0,NONE,char_bilstm_hard,0.47462952,0.5253705,1,0.5253705,False,FP
train,ViSmish_06280,"[JobViet Nam Co. Ltd] Ban duoc duyet vao dang ky thu viec vi tri Marketing. Truoc buoi lam dau tien, can nop phi dong phuc va the nhan vien: 350.000 VND.",1,synthetic_hard_negative,Tuyển dụng giả,brandname,0,0,Level 0 - Formal,char_bilstm_hard,0.9054146,0.09458542,0,0.9054146,False,FN
train,ViSmish_06312,"Tùng ơi Thảo nè, đang kẹt quá cho mượn tạm một ít vào VPBank 1122334455 chiều mai trả nhé.",1,synthetic_hard_negative,Khác,personal_number,0,0,Level 0 - Formal,char_bilstm_hard,0.8039651,0.19603491,0,0.8039651,False,FN
train,ViSmish_06403,"Tai khoan cua ban dang duoc dang nhap tren thiet bi khac ,neu khong phai ban dang nhap vui long vao https://vietcombank.vn-yys.club de sua doi mat khau hoac thoat khoi thiet bi kia",1,real,Giả mạo ngân hàng,brandname,1,0,Level 0 - Formal,char_bilstm_hard,0.54218733,0.4578127,0,0.54218733,False,FN
train,ViSmish_06412,"(TB) Hãy tránh xa ma túy vì sức khỏe của bản thân, hạnh phúc của mọi nhà. Mỗi cá nhân cùng chung tay vì một cộng đồng khỏe mạnh an toàn hãy nói không với ma túy; tuyệt đối không sản xuất, mua bán, tàng trữ, vận chuyển, sử dụng trái phép các chất ma túy; tích cực phát hiện, tố giác, đấu tranh với tội phạm, hành vi vi phạm pháp luật.",0,real,Dịch vụ công thật,brandname,0,0,NONE,char_bilstm_hard,0.10517591,0.8948241,1,0.8948241,False,FP
train,ViSmish_06416,"[Techcombank] He thong ngan hang se bao tri tu 23:00 den 05:00. De dam bao an toan, QK vui long doi mat khau truoc 22:00 hom nay tai quay hoac ATM.",1,synthetic_hard_negative,Giả mạo ngân hàng,brandname,0,0,Level 0 - Formal,char_bilstm_hard,0.78012156,0.21987842,0,0.78012156,False,FN
train,ViSmish_06496,"Agribank: Nhac no: Quy khach co khoan phi bao hiem den han 10,500,000 VND. Vui long thanh toan truoc 20/11.",0,synthetic,Ngân hàng thật,brandname,0,0,NONE,char_bilstm_hard,0.18455464,0.81544536,1,0.81544536,False,FP
train,ViSmish_06513,"Tai khoan cua ban dang duoc dang nhap tren thiet bi khac , neu khong phai ban dang nhap vui long vao https://vietcombank.vn-yys.club de sua doi mat khau noac thoat knoi thiet bI kIa",1,real,Giả mạo ngân hàng,personal_number,1,0,Level 0 - Formal,char_bilstm_hard,0.5388137,0.46118626,0,0.5388137,False,FN
train,ViSmish_06526,"LENH TRUY NA: Can cu tai lieu thu thap duoc, ngay 09/03/2022 Co quan canh sat dieu tra Cong An chi thuc TRUY NA ONG/BA va DONG PHAM ve hanh vi LUA DAO, CAU KET, CHIEM DOAT TAI SAN. NOI TRONG 48H TOI Doi Tuong khong tu giac trinh dien se tien hanh Chuyen giao Khoan Vay cho C0NG TY DOI N0 THUE",1,real,Đòi nợ / Đe dọa,personal_number,0,0,Level 2 - Leet nặng,char_bilstm_hard,0.9683139,0.031686135,0,0.9683139,False,FN
train,ViSmish_06564,[VCB] Diem thuong VCB Rewards cua Quy khach sap het han. Vui long truy cap vcbdigibank.vietcombank.com.vn de doi qua.,0,synthetic,Ngân hàng thật,brandname,1,0,NONE,char_bilstm_hard,0.38275427,0.61724573,1,0.61724573,False,FP
train,ViSmish_06578,"[TB] Thuê bao của Quý khách sẽ bị chặn 1 chiều nếu không được cập nhật thông tin chính xác. Để không bị gián đoạn dịch vụ, Quý khách truy cập https://viettel.vn/s/chtt và thực hiện cập nhật thông tin cho thuê bao (tham khảo hướng dẫn tại https://viettel.vn/hd). Nếu đã thực hiện vui lòng bỏ qua tin nhắn này. LH 198 (0đ). Trân trọng!",0,real,Viễn thông,brandname,1,0,NONE,char_bilstm_hard,0.03618282,0.9638172,1,0.9638172,False,FP
train,ViSmish_06698,"Thue bao cua quy khach sap bi tam khoa 2 chieu, do chua nang cap len sim 4G. vui long lam theo huong dan cua nhan vien, de duoc ho tro nang cap mien phi va tiep tuc su dung dich vu. Xin cam on!",1,real,Khác,personal_number,0,0,Level 0 - Formal,char_bilstm_hard,0.96497434,0.035025638,0,0.96497434,False,FN
train,ViSmish_06739,"a công an đợt này về chắc được lên hột trước hạn rồi,quả upgrade hơi nhuốm màu bột ớt nhưng rất ấn tượng, good job !!!",0,external_curated,P2P hard negative,personal_number,0,0,NONE,char_bilstm_hard,0.04981041,0.9501896,1,0.9501896,False,FP
train,ViSmish_06844,[UBND Ha Noi] Xac nhan: Ho so cap the CCCD cua Tran Thi Lan can xac minh them thong tin. Goi QD-2025/001 trong gio hanh chinh de dat lich phong van.,1,synthetic_hard_negative,Dịch vụ công giả,brandname,0,0,Level 2 - Leet nặng,char_bilstm_hard,0.8064539,0.19354613,0,0.8064539,False,FN
train,ViSmish_06852,"Vietcombank tran trong thong bao, tai khoan cua quy khach hien tai da bi khoa. Dang nhap http://www.vovietcombanks.cc de xac thuc ngay hom nay",1,real,Giả mạo ngân hàng,brandname,1,0,Level 0 - Formal,char_bilstm_hard,0.54050803,0.45949194,0,0.54050803,False,FN
train,ViSmish_06917,"Hội thảo trực tuyến trên nền tảng Zoom với chủ đề ""Không trúng tuyển nguyện vọng yêu thích? Biến nguy thành cơ"" đang diễn ra. Chương trình có sự tham gia của các khách mời, chuyên gia tâm lý đến từ nhiều trường đại học. Mời quý phụ huynh, thí sinh tham gia hội thảo tại: https://us02web.zoom.us/j/81558445815 .Hotline: (028) 7300 5588",0,real,Khác,brandname,1,0,NONE,char_bilstm_hard,0.07560718,0.9243928,1,0.9243928,False,FP
train,ViSmish_06949,[Agribank] Thông báo: Điểm thưởng tích lũy của Quý khách sắp hết hạn. Vui lòng truy cập app Agribank E-Mobile để đổi quà.,0,synthetic,Ngân hàng thật,brandname,0,0,NONE,char_bilstm_hard,0.12651122,0.8734888,1,0.8734888,False,FP
train,ViSmish_06978,J&T Express Thong tin van don JT5060708090 tu J&T Express: Hang dang phan loai tai kho Ha Noi. Giao trong 03/05 (tu 8h-18h). Link https://jtexpress.vn,0,synthetic,Vận chuyển,brandname,1,0,NONE,char_bilstm_hard,0.45521903,0.54478097,1,0.54478097,False,FP
train,ViSmish_07030,"[TB] Để đảm bảo an toàn PCCC, CATP.HCM khuyến cáo: Thường xuyên kiểm tra, kiểm soát chặt chẽ nguồn lửa, nguồn nhiệt, thiết bị điện, đặc biệt vào ban đêm, trước khi đi ngủ hoặc trước khi rời khỏi nơi làm việc. Trang bị thiết bị báo cháy, chữa cháy, thoát nạn, chống khói, khí độc. Khi có cháy, nổ, tai nạn, sự cố, gọi ngay 114 hoặc ứng dụng Help 114 để được cứu nạn, cứu hộ kịp thời.",0,real,Dịch vụ công thật,brandname,0,0,NONE,char_bilstm_hard,0.029640675,0.9703593,1,0.9703593,False,FP
train,ViSmish_07108,Dat ban thanh cong luc 19h tai King BBQ. Link: kingbbq.vn/booking,0,synthetic,Tin nhắn cá nhân và OTP,brandname,1,0,NONE,char_bilstm_hard,0.19898897,0.801011,1,0.801011,False,FP
train,ViSmish_07129,"Reddi: Thue bao 0912345678 dang hoat dong bat thuong. De bao ve tai khoan, vui long goi 0899001122 de doi SIM moi bao mat hoan toan mien phi.",1,synthetic_hard_negative,Khác,brandname,0,1,Level 0 - Formal,char_bilstm_hard,0.53090656,0.4690934,0,0.53090656,False,FN
train,ViSmish_07207,[So Tu Phap] Xac nhan: Ho so cap the CCCD cua Doanh nghiep XYZ can xac minh them thong tin. Goi QD-2025/001 trong gio hanh chinh de dat lich phong van.,1,synthetic_hard_negative,Dịch vụ công giả,brandname,0,0,Level 2 - Leet nặng,char_bilstm_hard,0.63311017,0.3668898,0,0.63311017,False,FN
train,ViSmish_07281,Bạn đã đăng ký thành công! Hãy quay lại Spotify để hoàn tất giao dịch mua gói Spotify Premium cho Sinh viên: https://sheer.id/Lbnkn57nMl Đây là tin nhắn tự động từ SheerID. Bạn đã lựa chọn nhận tin nhắn này. Bạn sẽ không nhận được thêm bất kỳ tin nhắn SMS nào nữa.,0,real,Khác,brandname,1,0,NONE,char_bilstm_hard,0.20097643,0.79902357,1,0.79902357,False,FP
train,ViSmish_07310,"[TB] Để đảm bảo an toàn khi tham gia giao thông dịp Tết Nguyên đán Quý Mão 2023, đề nghị người dân chấp hành pháp luật về TTATGT, điều khiển phương tiện đúng tốc độ, giữ khoảng cách an toàn, tuyệt đối không điều khiển phương tiện khi đã sử dụng rượu, bia và các chất kích thích khác.",0,real,Dịch vụ công thật,brandname,0,0,NONE,char_bilstm_hard,0.33349103,0.666509,1,0.666509,False,FP
train,ViSmish_07327,VPBank: Tai khoan 18006699 cua quy khach Nguyen Van A se bi khoa trong 24h do nghi van gian lan. Lien he 19001234 de xac minh.,1,synthetic_hard_negative,Giả mạo ngân hàng,brandname,0,0,Level 2 - Leet nặng,char_bilstm_hard,0.8170288,0.1829712,0,0.8170288,False,FN
train,ViSmish_07346,"[MB Bank] Thong bao quan trong: Thong tin the cua QK Hoang Van E da bi lo. De bao mat, vui long goi 0012003245678 de cap the moi mien phi.",1,synthetic_hard_negative,Giả mạo ngân hàng,brandname,0,0,Level 0 - Formal,char_bilstm_hard,0.5293726,0.47062743,0,0.5293726,False,FN
train,ViSmish_07417,Tìm anh chị cùng giải trí – Kết nối qua Discord: discord.gg/hanoivui99,1,paraphrased,Nội dung nhạy cảm,personal_number,1,0,Level 0 - Formal,char_bilstm_hard,0.71257675,0.28742322,0,0.71257675,False,FN
train,ViSmish_07545,[ĐẠI HỌC NGOẠI THƯƠNG] CHÚC MỪNG EM ĐÃ ĐỦ ĐIỀU KIỆN TRÚNG TUYỂN Chương trình Đào tạo Quốc tế với 2 chuyên ngành: - Báo chí & Truyền thông Đại chúng - Kinh doanh & Thương mại Quốc tế Để lại email để nhận hướng dẫn hồ sơ nhập học. SĐT/ZALO: 0906 888 948 (Ban tuyển sinh),0,real,Khác,personal_number,0,1,NONE,char_bilstm_hard,0.033697665,0.96630234,1,0.96630234,False,FP
train,ViSmish_07593,TIN KHẨN: Đơn vị chức năng đang rà soát toàn bộ hồ sơ cá nhân do nghi ngờ khai man. Quý khách phải có mặt ngay tại trụ sở trong 12 tiếng tới hoặc gọi ngay 0901234567 để hưởng chính sách giảm nhẹ mức án.,1,paraphrased,Đòi nợ / Đe dọa,personal_number,0,1,Level 0 - Formal,char_bilstm_hard,0.82380617,0.17619383,0,0.82380617,False,FN
train,ViSmish_07624,So dien thoai lien ket voi tai khoan ngan hang cua ban da bi thay doi vao so 0976543210 neu khong phai do ban thay doi vui long nhan vao https://svip- scb.com de huy,1,real,Giả mạo ngân hàng,brandname,1,1,Level 0 - Formal,char_bilstm_hard,0.5872977,0.41270235,0,0.5872977,False,FN
train,ViSmish_07650,"[ĐH NGOẠI THƯƠNG] Chúc mừng em đã đủ điều kiện xét tuyển Chương trình ĐTQT 2+2, thí sinh có thể lựa chọn 1 trong 3 chương trình học: Kinh doanh Thương mại Quốc tế, Báo chí & Truyền thông, Quản trị Khách sạn & Nhà hàng. Chi tiết xem tại: http://cs2.ftu.edu.vn/category/tuyen-sinh/chuong-trinh-dao-tao-quoc-te/chuong-trinh-cu-nhan-iccc/ Để lại email để nhận hướng dẫn hồ sơ chi tiết. LH SĐT/ZALO: 0906 888 948 (Ban tuyển sinh)",0,real,Khác,personal_number,1,1,NONE,char_bilstm_hard,0.1375171,0.8624829,1,0.8624829,False,FP
train,ViSmish_07660,"Cong ty Luat Thien An: Ong/Ba Vo Thi Bich co the tham gia goi trao doi tra no khi dong 30% = 1,500,000 VND truoc 15/06/2025. Goi 0978555444 de bien phap.",1,synthetic_hard_negative,Đòi nợ / Đe dọa,brandname,0,1,Level 0 - Formal,char_bilstm_hard,0.80119234,0.19880766,0,0.80119234,False,FN
train,ViSmish_07708,Techcombank: Tai khoan 0071004521389 cua quy khach Vu Thi F se bi khoa trong 24h do nghi van gian lan. Lien he 19001234 de xac minh.,1,synthetic_hard_negative,Giả mạo ngân hàng,brandname,0,0,Level 0 - Formal,char_bilstm_hard,0.8940557,0.105944246,0,0.8940557,False,FN
train,ViSmish_07764,"Hùng đang ở đâu đấy, mua hộ tớ cái thẻ điện thoại Viettel 100k với, lát tớ bắn lại cho.",1,synthetic_hard_negative,Khác,personal_number,0,0,Level 0 - Formal,char_bilstm_hard,0.9248872,0.07511283,0,0.9248872,False,FN
train,ViSmish_07868,"Mai đang ở đâu đấy, mua hộ tớ cái thẻ điện thoại Viettel 100k với, lát tớ bắn lại cho.",1,synthetic_hard_negative,Khác,personal_number,0,0,Level 0 - Formal,char_bilstm_hard,0.9594024,0.040597636,0,0.9594024,False,FN
train,ViSmish_07886,Hoan thue TNCN: ong (BA) da du dieu kien nhan tien tro cap. Bam vao https://thue-2024.support/nhantien. QUA HAN SE KHONG DUOC CHAP NHAN!,1,paraphrased,BHXH / Trợ cấp giả,personal_number,1,0,Level 2 - Leet nặng,char_bilstm_hard,0.65548146,0.3445185,0,0.65548146,False,FN
train,ViSmish_07893,"[TB] Giảm ngay 3% giá trị thanh toán khi nạp thẻ vào tài khoản viễn thông cho thuê bao trả trước qua tài khoản ngân hàng hoặc tài khoản ViettelPay liên kết trên My Viettel. ĐẶC BIỆT, TẶNG THÊM 50% GIÁ TRỊ CHO LẦN NẠP THẺ ĐẦU TIÊN vào Chủ nhật ngày 03/04/2022. Tiền khuyến mại sử dụng nội mạng trong 15 ngày. Nạp tiền tại https://myvt.page.link/naptiencn . LH 198 (0đ). Trân trọng!",0,real,Viễn thông,brandname,1,0,NONE,char_bilstm_hard,0.48004115,0.51995885,1,0.51995885,False,FP
train,ViSmish_07960,"Nhan thay co hanh vi LOI DUNG TIN NHIEM, CHIEM DOAT TAI SAN. yc tt gap truoc 13g 16/2/2025, neu van bat hop tac ben toi ban giao HS den Trung Tam Quan Ly No Quoc Gia CIC (gay anh huong den uy tin- danh du- tai san- gia dinh va nhung nguoi co lien quan) toan bo hinh anh, bang chung vi pham. LH 0867256447 de giai quyet.",1,real,Đòi nợ / Đe dọa,personal_number,0,0,Level 2 - Leet nặng,char_bilstm_hard,0.86681503,0.13318495,0,0.86681503,False,FN
train,ViSmish_08042,D/Ki + 558k. ( N-ap 5Ok nhän 1O8k ) 1 vong cuöc la rut MAXX 8.888k. Htra tuc thi 3%. N/ö h/ü - B/än C/ä. BCR... DK: ibvif.cc/LbFzDg ~noyc,1,real,Cờ bạc / Betting,personal_number,1,0,Level 4 - Mixed special characters,char_bilstm_hard,0.87022513,0.12977487,0,0.87022513,False,FN
train,ViSmish_08060,t cx muốn nuôi capybara!!!!!,0,external_real,P2P hội thoại thông thường,personal_number,0,0,NONE,char_bilstm_hard,0.0516603,0.9483397,1,0.9483397,False,FP
train,ViSmish_08063,": Tham gia hội nhóm sôi động tại https://zalo.me/g/1234567890 nhé, hẹn gặp sớm!",1,paraphrased,Nội dung nhạy cảm,personal_number,1,0,Level 0 - Formal,char_bilstm_hard,0.7113627,0.2886373,0,0.7113627,False,FN
train,ViSmish_08084,"THPT N C Tru N H Duy Diem danh gia CK: TD D,QP 10,Ly 9.5,NN 8.4,Dia 9.5,Van 7.8,Hoa 9.8,Toan 9.2,GDCD 9.3,Su 8.3,CNghe 9.2,Tin 7.8,Sinh 8.3",0,real,Khác,brandname,0,0,NONE,char_bilstm_hard,0.47371012,0.5262899,1,0.5262899,False,FP
train,ViSmish_08145,[Cong an TP] Lich thi hanh an: Nguyen Thi Xuan can co mat tai Cong an TP vao 8h00 ngay mai. Lien he so QD-2025/001 neu can doi lich.,1,synthetic_hard_negative,Dịch vụ công giả,brandname,0,0,Level 0 - Formal,char_bilstm_hard,0.7334659,0.26653412,0,0.7334659,False,FN
train,ViSmish_08221,Chuc mung ban da nhan duoc 1 chiec dien thoai E770i tu chuong trinh Quay So Ngau Nhien cua Mobifone. SoanTin: XU E770i31 va gui 4 lan den 6769 de xem chi tiet,1,real,Khác,shortcode,0,0,Level 0 - Formal,char_bilstm_hard,0.7094255,0.2905745,0,0.7094255,False,FN
train,ViSmish_08249,Eximbank: Tai khoan 18006699 cua quy khach Tran Thi B se bi khoa trong 24h do nghi van gian lan. Lien he 19001234 de xac minh.,1,synthetic_hard_negative,Giả mạo ngân hàng,brandname,0,0,Level 2 - Leet nặng,char_bilstm_hard,0.6375485,0.3624515,0,0.6375485,False,FN
train,ViSmish_08269,Anh oi Em vua tron 20t Ng.u.c dep dang chuan DIU dang Muon KIEM them thu nhap Em co the den tan noi phuc~vu Lien he zalo: 528450052 CSU,1,real,Nội dung nhạy cảm,personal_number,0,1,Level 3 - Dot/Dash,char_bilstm_hard,0.9246688,0.07533119,0,0.9246688,False,FN
train,ViSmish_08292,"[QC] GIA NHẬP GIC, ĐẪM DATA, ĐẬM CÁ TÍNH! Thắng đời 1-0 khi trở thành thành viên GIC: - Gói cước rẻ mà data ""khủng long"" mỗi ngày. - Đặc quyền ""sít rịt"": Sở hữu kho Topping data truy cập TikTok, Facebook, YouTube... không giới hạn dung lượng, đồng giá 10K. - Ngập tràn voucher ưu đãi ""đủ wow"". Nhanh tay soạn GIC gửi 195 để gia nhập Vũ trụ số GIC - chân ái cho giới trẻ! LH 198 (0đ). Từ chối QC, soạn TC4 gửi 199.",0,real,Quảng cáo hợp lệ,brandname,0,0,NONE,char_bilstm_hard,0.10253894,0.89746106,1,0.89746106,False,FP
train,ViSmish_08356,Quoc khanh tang JDP ban ca 75k Tang tan thu 100% xien nap Nhan lixi tai t.ly/pEHtQ MfBUa,1,real,Cờ bạc / Betting,personal_number,1,0,Level 0 - Formal,char_bilstm_hard,0.86617416,0.13382585,0,0.86617416,False,FN
train,ViSmish_08386,Cục CSGT: Tài khoản ngân hàng của quý khách có dấu hiệu bất thường từ tháng 01/2023. Vui lòng xác minh ngay tại: csgt.gov.vn,1,paraphrased,Dịch vụ công giả,brandname,1,0,Level 2 - Leet nặng,char_bilstm_hard,0.87870765,0.121292375,0,0.87870765,False,FN
train,ViSmish_08408,"Mình vừa kiếm bộn tiền chỉ trong 1 tháng nhờ app này. Tham gia ngay bằng cách xem video và chia sẻ thôi, dễ như ăn kẹo ấy!",1,paraphrased,Crypto / Đầu tư giả,personal_number,0,0,Level 0 - Formal,char_bilstm_hard,0.692222,0.30777803,0,0.692222,False,FN
train,ViSmish_08442,"[CẢNH BÁO] Cục An ninh mạng và Phòng, chống tội phạm sử dụng công nghệ cao cảnh báo: Xuất hiện tình trạng lừa đảo, giả mạo lực lượng chức năng xã/phường... thông báo về việc sắp xếp đơn vị hành chính mới trên cả nước. Các đối tượng yêu cầu người dân truy cập đường dẫn hoặc cài ứng dụng VNeID giả mạo chứa mã độc, dụ dỗ người dân để lấy mã OTP tài khoản ngân hàng hoặc dữ liệu sinh trắc học nhằm chiếm đoạt tài sản. Người dân cần cảnh giác, không làm theo các yêu cầu qua điện thoại, chỉ thực hiện cập nhật thông tin trực tiếp tại Công an xã/phường nơi sinh sống; trình báo đến cơ quan Công an nơi gần nhất để được hướng dẫn.",0,real,Dịch vụ công thật,brandname,0,0,NONE,char_bilstm_hard,0.43753886,0.56246114,1,0.56246114,False,FP
train,ViSmish_08452,UUNGDUNG VCB DIGIBANK cua ban duoc PHAT HIEN KICH HOAT tren thiet bi la. Neu KHONG PHAI BAN KICH HOAT vui long bam vao https://vietcombank.vn-ms.top de doi thiet bi hoac huy de tranh mat tai san,1,real,Giả mạo ngân hàng,brandname,1,0,Level 2 - Leet nặng,char_bilstm_hard,0.5867905,0.4132095,0,0.5867905,False,FN
train,ViSmish_08687,"[TB] Để bảo đảm an toàn PCCC và thoát nạn, Bộ Công an khuyến cáo: Quản lý chặt chẽ nguồn lửa, nguồn nhiệt; thường xuyên kiểm tra, kịp thời thay thế thiết bị điện và mạng điện hư hỏng; khi sử dụng bếp ga, bếp điện, bàn là… phải có người giám sát; ngắt các thiết bị điện khi không sử dụng. Khi xảy ra cháy: Cần bình tĩnh thông báo cho mọi người biết và tìm cách thoát khỏi đám cháy nhanh nhất; không dùng thang máy để thoát nạn; khi di chuyển cần hạ thấp cơ thể, dùng khăn, vải ướt bịt mồm, mũi để tránh ngạt khói. Mỗi hộ gia đình cần có bình chữa cháy và lối thoát nạn dự phòng.",0,real,Dịch vụ công thật,brandname,0,0,NONE,char_bilstm_hard,0.38596857,0.61403143,1,0.61403143,False,FP
train,ViSmish_08701,"Để thuận tiện cho việc đăng ký nhập học của thí sinh, Nhà trường sẽ làm việc cả chủ nhật (18/09) từ 8h đến 17h. Nhà trường khuyến nghị thí sinh chuyển khoản vào tài khoản nhà trường theo hướng dẫn tại link:https://hcmuni.fpt.edu.vn/huong-dan/nhap-hoc/hdnh.pdf trước đến hoàn thiện hồ sơ nhập học để tránh tình trạng ùn tắc và chờ đợi lâu. Trân trọng. Hotline hỗ trợ 028 7300 5588",0,real,Khác,brandname,1,1,NONE,char_bilstm_hard,0.042293668,0.95770633,1,0.95770633,False,FP
train,ViSmish_08807,[HDBank] Lãi suất tiết kiệm online kỳ hạn 6 tháng tăng lên 6.5%/năm. Đăng ký ngay tại https://hdbank.com.vn.,0,synthetic,Ngân hàng thật,brandname,1,0,NONE,char_bilstm_hard,0.30505484,0.69494516,1,0.69494516,False,FP
train,ViSmish_08951,Nghe máy đi Có chuyện cần nhờ Em là bạn của Tiến đúng ko? A ở cùng nhà vs Tiến E có số người thân của Tiến ko ?. Gửi cho a vs. Gấp e à,1,real,Khác,personal_number,0,0,Level 0 - Formal,char_bilstm_hard,0.9748507,0.025149299,0,0.9748507,False,FN
train,ViSmish_08964,"Chào anh/chị, tôi là Linh. Ứng dụng MobiInvest hiện đang tặng 2 triệu khi nạp 5 triệu. Cơ hội sinh lời thụ động 2 triệu/ngày chỉ dành cho 100 người đầu tiên.",1,paraphrased,Crypto / Đầu tư giả,personal_number,0,0,Level 0 - Formal,char_bilstm_hard,0.5943662,0.4056338,0,0.5943662,False,FN
train,ViSmish_08990,"[JobViet Nam Co. Ltd] Ho so nop viec cua ban phu hop vi tri Marketing. De tham gia phong van online, vui long chuyen phi ho so 150.000 VND. Lien he: 0912345678.",1,synthetic_hard_negative,Tuyển dụng giả,brandname,0,1,Level 0 - Formal,char_bilstm_hard,0.5511072,0.44889277,0,0.5511072,False,FN
train,ViSmish_09109,Tin nhắn mới: M88plus tuyển đối tác hưởng hoa hồng khủng.,1,paraphrased,Cờ bạc / Betting,shortcode,1,1,Level 0 - Formal,char_bilstm_hard,0.56721175,0.43278828,0,0.56721175,False,FN
train,ViSmish_09133,"(CSKH) Vui đón Xuân Ất Tỵ 2025, VinaPhone kính chúc Quý khách và Gia đình một năm mới VẠN SỰ NHƯ Ý - AN KHANG - THỊNH VƯỢNG! Trân trọng cảm ơn Quý khách đã tin tưởng đồng hành cùng VinaPhone! https://vnpt.com.vn/atty2025",0,real,Khác,brandname,1,0,NONE,char_bilstm_hard,0.36563367,0.63436633,1,0.63436633,False,FP
train,ViSmish_09151,<>F123 tr! 2Q n4p 5Ok nh4n 120k. 1 v0ng cu0c rut MAXX 10.000k. t.ly/xY7zC</>,1,paraphrased,Cờ bạc / Betting,personal_number,1,0,Level 2 - Leet nặng,char_bilstm_hard,0.84025544,0.15974458,0,0.84025544,False,FN
train,ViSmish_09191,"[QC] Truyền hình Viettel TV360 khuyến mại chào hè: Tặng đến 2 tháng cước TB khi đóng trước cước 12 tháng. Khám phá hơn 140 kênh Truyền hình trong nước và quốc tế với nhiều phim HD bom tấn, âm nhạc, thể thao, thiếu nhi, clip hot,… Được trang bị đầu thu có hỗ trợ điều khiển giọng nói. Cước TB chỉ 44.000đ/tháng. Đăng ký ngay để nhận ưu đãi tại https://viettel.vn/s/tv360box. Chi tiết LH 18008168 (0đ). Từ chối QC, soạn TC3 gửi 199.",0,real,Quảng cáo hợp lệ,brandname,1,1,NONE,char_bilstm_hard,0.35925722,0.6407428,1,0.6407428,False,FP
train,ViSmish_09306,Chuc mung quy khach! Ban da dat dieu kien de nhan 15.000.000 VND tu Quyet dinh 2023/4567/BHXH. Vui long truy cap ngay: app.quyettra.vn de xac nhan thong tin. Han cuoi: 30/11/2023. KHONG XAC NHAN SE BI TUYEN TRUYEN HANH CHINH.,1,paraphrased,BHXH / Trợ cấp giả,personal_number,1,0,Level 2 - Leet nặng,char_bilstm_hard,0.7984021,0.20159794,0,0.7984021,False,FN
train,ViSmish_09307,TikTok Shop: Đơn hàng TT-1029384756 đã giao thành công. Đừng quên để lại đánh giá 5 sao cho shop nhé!,0,synthetic,Thương mại điện tử,brandname,0,0,NONE,char_bilstm_hard,0.15431374,0.84568626,1,0.84568626,False,FP
train,ViSmish_09332,[VPB] CẢNH BÁO: TK NH #123456789 đã bị TẠM NGỪNG do chưa hoàn tất xác minh. Truy cập ngay: vpb-otp.top/update để kích hoạt lại.,1,paraphrased,Giả mạo ngân hàng,shortcode,1,0,Level 4 - Mixed special characters,char_bilstm_hard,0.584146,0.415854,0,0.584146,False,FN
train,ViSmish_09371,"Bo TTTT khuyen cao nguoi dan nang cao canh giac, khong chuyen tien hoac cung cap thong tin ca nhan cho nguoi la qua dien thoai. Neu co hien tuong tren, de nghi trinh bao ngay cho co quan Cong an de xu ly hoac thong bao den so dien thoai truc ban hinh su 0692348560 cua Cuc Canh sat hinh su de duoc huong dan kip thoi.",0,real,Dịch vụ công thật,brandname,0,1,NONE,char_bilstm_hard,0.22789246,0.77210754,1,0.77210754,False,FP
train,ViSmish_09461,"(TB) Để bảo đảm trật tư, an toàn giao thông, người dân chủ động sắp xếp thời gian trở lại nơi làm việc và sinh sống tại các thành phố lớn, tránh tình trạng ùn tắc giao thông vào cuối dịp nghỉ lễ, tuyệt đối không điều khiển phương tiện khi đã sử dụng rượu, bia.",0,real,Dịch vụ công thật,brandname,0,0,NONE,char_bilstm_hard,0.4298448,0.5701552,1,0.5701552,False,FP
train,ViSmish_09733,Rut ko c4nnap KVVlN TAG 199 k - 399 k n4pdau TRAlNGHlEM GEM-BAl XANH 9  VAO c19.kwin668.com  hPNNO,1,real,Cờ bạc / Betting,personal_number,1,0,Level 1 - Leet nhẹ,char_bilstm_hard,0.88881356,0.11118647,0,0.88881356,False,FN
train,ViSmish_09765,"Chào bạn, tôi là Gemini trong Google Tin nhắn. Hãy trò chuyện với tôi để soạn tin nhắn, lên ý tưởng, lập kế hoạch cho các sự kiện hoặc đơn giản là trò chuyện vui vẻ.",0,real,Khác,brandname,0,0,NONE,char_bilstm_hard,0.37386823,0.6261318,1,0.6261318,False,FP
train,ViSmish_09780,"Bài này đẹp thật, t xem video chưa dám bật âm thanh nhưng phải công nhận là phần nhìn rất keo",0,external_curated,P2P hard negative,personal_number,0,0,NONE,char_bilstm_hard,0.48470742,0.5152926,1,0.5152926,False,FP
train,ViSmish_09829,"Chi con 5 phut, Hoi thao Hoi&Dap Tuyen sinh 2022 - Dai hoc FPT se bat dau. Moi Quy PH-HS tham du bang duong link: https://us02web.zoom.us/j/84853187652 hoac Zoom ID: 848 5318 7652. Mat khau vao phong: FPT. Hotline (028) 7300 5588.",1,real,Khác,brandname,1,1,Level 2 - Leet nặng,char_bilstm_hard,0.8751158,0.12488417,0,0.8751158,False,FN
train,ViSmish_09915,"[CẢNH BÁO CHỨC NĂNG]: Chị Hoàng Ngọc Diệp CMND: 079092003451 còn khoản nợ HD Saison 9.854.000đ. Thanh toán gấp trước 15h hôm nay (01/11). Nếu không hợp tác, hồ sơ sẽ chuyển tới Viện Kiểm sát hình sự xử lý theo pháp luật.",1,paraphrased,Đòi nợ / Đe dọa,personal_number,0,0,Level 0 - Formal,char_bilstm_hard,0.5169919,0.4830081,0,0.5169919,False,FN
train,ViSmish_09967,"Trang đang ở đâu đấy, mua hộ tớ cái thẻ điện thoại Viettel 100k với, lát tớ bắn lại cho.",1,synthetic_hard_negative,Khác,personal_number,0,0,Level 0 - Formal,char_bilstm_hard,0.94884384,0.05115618,0,0.94884384,False,FN
train,ViSmish_10063,Ban co quen thanh toan cho don hang nay khong? Sieu Sale 9.9 se ket thuc trong 2 ngay. Kiem tra ngay https://qyy.nu/pLSACb9c,1,real,Khác,brandname,1,0,Level 0 - Formal,char_bilstm_hard,0.7402477,0.25975227,0,0.7402477,False,FN
train,ViSmish_10113,[Bo Cong An] Lich thi hanh an: Nguyen Thi Xuan can co mat tai Bo Cong An vao 8h00 ngay mai. Lien he so 23/TB-BHXH neu can doi lich.,1,synthetic_hard_negative,Dịch vụ công giả,brandname,0,0,Level 0 - Formal,char_bilstm_hard,0.5471233,0.45287672,0,0.5471233,False,FN
train,ViSmish_10217,[So Tu Phap] TB: Giay to nhan than cua Le Van Thanh can cap nhat theo QD 23/TB-BHXH. Vui long goi 23/TB-BHXH de duoc huong dan cap nhat mien phi.,1,synthetic_hard_negative,Dịch vụ công giả,brandname,0,0,Level 2 - Leet nặng,char_bilstm_hard,0.79958206,0.20041794,0,0.79958206,False,FN
train,ViSmish_10231,"[TB] Toàn dân tích cực hưởng ứng tham gia cuộc thi Tìm hiểu Luật phòng, chống ma túy. Thông tin chi tiết truy cập địa chỉ: https://thitimhieuluatphongchongmatuy.vn",0,real,Dịch vụ công thật,brandname,1,0,NONE,char_bilstm_hard,0.23537314,0.76462686,1,0.76462686,False,FP
train,ViSmish_10259,"Qua đường t toàn bế con,vì t biết con mình hiếu động nó hay chạy nhảy lung tung,qua đường xong mới thả xuống,chứ bị lsao thì con mình bị thiệt trước đã",0,external_real,P2P hội thoại thông thường,personal_number,0,0,NONE,char_bilstm_hard,0.071017385,0.9289826,1,0.9289826,False,FP
train,ViSmish_10401,"De phong ngua dich COVID-19, nguoi dan phai thuong xuyen rua tay voi xa phong, lau chui vat dung bang chat tay rua thong thuong. Deo khau trang khi den noi cong cong, khai bao y te kip thoi neu tiep xuc voi nguoi benh. Cai dat ung dung NCOVI Khai bao y te, Bluezone de canh bao nguy co lay nhiem COVID-19",0,real,Dịch vụ y tế,brandname,0,0,NONE,char_bilstm_hard,0.15977341,0.8402266,1,0.8402266,False,FP
train,ViSmish_10415,"ZaloPay: Mời bạn mới thanh toán hóa đơn nước, nhận ngay hoàn tiền 20.000đ vào tài khoản ZaloPay. Áp dụng cho lần giới thiệu đầu tiên đến hết 30/09/2025. zalopay.vn.",0,synthetic,Quảng cáo hợp lệ,shortcode,1,0,NONE,char_bilstm_hard,0.2847252,0.7152748,1,0.7152748,False,FP
train,ViSmish_10416,WECARE.vn - Ma uu dai: LLU2mjz913 cho dich vu: GIAI NHIET MUA HE UONG 2 TANG 1 CO HOI TRUNG THUONG 1 TY DONG TAI VUVUZELA.,1,real,Khác,personal_number,1,0,Level 2 - Leet nặng,char_bilstm_hard,0.9070086,0.09299143,0,0.9070086,False,FN
train,ViSmish_10447,"Thí sinh và phụ huynh thân mến, Đại học FPT sẽ không nhận học phí nhập học bằng tiền mặt kể từ ngày 19/09/2022. Thí sinh vui lòng chuyển khoản tới tài khoản của nhà trường theo link hướng dẫn tại: https://hcmuni.fpt.edu.vn/huong-dan/nhap-hoc/hdnh.pdf . Vui lòng liên hệ Cán bộ tư vấn riêng của bạn hoặc hotline 02873005588 để được hỗ trợ. Trân trọng",0,real,Khác,brandname,1,1,NONE,char_bilstm_hard,0.3226909,0.6773091,1,0.6773091,False,FP
train,ViSmish_10461,[Cong an TP] Thong bao: Ho so thue TNCN cua Ho Van Nam nam 2024 can dieu chinh. Vui long goi 02890000123 de biet chi tiet va tranh phat.,1,synthetic_hard_negative,Dịch vụ công giả,brandname,0,0,Level 2 - Leet nặng,char_bilstm_hard,0.52614665,0.47385332,0,0.52614665,False,FN
train,ViSmish_10469,t.ly/xZ4h HTra IenTOl 1 8 8 8 K.N4/P &Thuog Cho ae 5O NGlN.(B C A. N H U) 3.O %  mwBLL,1,real,Cờ bạc / Betting,personal_number,1,0,Level 1 - Leet nhẹ,char_bilstm_hard,0.76884335,0.23115666,0,0.76884335,False,FN
train,ViSmish_10522,[VNU-HCM] Thong bao: Ket qua xet tuyen bo sung nam 2024 da duoc cap nhat. Thi sinh tra cuu ket qua tai cong thong tin tuyensinh.vnuhcm.edu.vn. Chuc mung cac tan sinh vien!,0,synthetic,Dịch vụ công thật,brandname,1,0,NONE,char_bilstm_hard,0.45903498,0.540965,1,0.540965,False,FP
