sample_id,content,disagreement_types,annotator_a_domain,annotator_b_domain,mistral_domain,annotator_a_obfuscation_present,annotator_b_obfuscation_present,mistral_obfuscation_present,annotator_a_requested_actions,annotator_b_requested_actions,mistral_requested_actions,final_domain,final_obfuscation_present,final_requested_actions,adjudicator_notes
phase1_00109,"[TB] CHỈ 5K, CÓ DATA SIÊU TỐC! Soạn ST5K gửi 191: Chỉ 5.000đ/ngày có ngay 500MB tốc độ cao sử dụng đến 24h. Gói cước gia hạn hàng ngày. ĐẶC BIỆT: TẶNG THÊM 500MB khi mua lần thứ 2 trong ngày. LH 198 (0đ).",message_domain|requested_actions,telecom,marketing_promotion,telecom,False,False,False,reply_message|call_phone,none,reply_message|call_phone,telecom,False,reply_message|call_phone,annotator_b cute
phase1_00132,"(QC) MKTAMDUC gui tang khach hang Uu Dai Sinh Nhat trong thang 2 ma ""SN02"" giam gia -49% 01 san pham Gong, Kinh mat.  CT: https://mktd.vn/sinhnhat .HSD 28/02. De tu choi QC, Soan TC MKTAMDUC gui 1313",message_domain|requested_actions,commerce,marketing_promotion,commerce,False,False,False,click_or_visit_link|reply_message,click_or_visit_link,click_or_visit_link|reply_message,commerce,False,click_or_visit_link|reply_message,
phase1_00709,"The Visa 452404...6779 su dung tai 2C2*AMAZON PRIME VIDEO VN6717 2333 SG so tien 13,608 VND luc 17-12-2022 17:37:45. SD TK trich no tam tinh 1033311702: 486,392VND",message_domain|requested_actions,banking_finance,other,banking_finance,False,False,False,none,other,none,banking_finance,False,none,
phase1_00718,Ok e .Đem luôn ao sưa dum c nha,requested_actions,personal_social,personal_social,personal_social,False,False,False,none,visit_physical_location,none,personal_social,False,none,
phase1_00825,"[TB] Soan F70 gui 191: 70.000d/30 ngay co 3GB, mien phi 10p/cuoc noi mang, 20p ngoai mang. Goi cuoc gia han sau 30 ngay. CT ap dung den 14/09. LH 198 (0d).",message_domain|requested_actions,telecom,marketing_promotion,telecom,False,False,False,reply_message,make_payment,reply_message|call_phone,telecom,False,reply_message,
phase1_01146,"[QC] Quy khach co 5700 diem tieu dung Viettel++ tinh den het ngay 02/08/2020. Bam goi *098# hoac truy cap ung dung MyViettel tai https://viettel.vn/app (muc Viettel++) de doi diem thanh Data, phut goi, SMS hoac cac uu dai gia tri khac. LH 198 (0d). Tu choi QC, soan HUY gui 9000.",requested_actions,telecom,telecom,telecom,False,False,False,call_phone|click_or_visit_link|reply_message,click_or_visit_link,click_or_visit_link|call_phone|reply_message,telecom,False,call_phone|click_or_visit_link|reply_message,
phase1_01191,(TB) TẶNG 50% TRÊN APP MYVNPT! VinaPhone tặng Quý khách 50% khi nạp tiền điện thoại bằng hình thức trực tiếp DUY NHẤT trên ứng dụng My VNPT trong hôm nay 14/9/2025 tại: https://my.vnpt.com.vn/adv/napdt . Khuyến mãi được sử dụng gọi và nhắn tin trong 15 ngày. CSKH:18001091 (0đ).,requested_actions,telecom,telecom,telecom,False,False,False,click_or_visit_link|call_phone,click_or_visit_link|deposit_or_top_up,click_or_visit_link,telecom,False,click_or_visit_link|call_phone,
phase1_01509,"(TB) Chúc mừng năm mới Giáp Thìn 2024! Người dân chủ động sắp xếp thời gian trở lại nơi làm việc và sinh sống tại các thành phố lớn, tránh tình trạng ùn tắc giao thông vào cuối dịp nghỉ lễ, tuyệt đối không điều khiển phương tiện khi đã sử dụng rượu, bia.",requested_actions,public_service,public_service,public_service,False,False,False,other,none,none,public_service,False,other,
phase1_01518,"(TB) Để phòng ngừa cháy, nổ trong dịp Tết Nguyên Đán, Công an tỉnh khuyến cáo: Không sắp xếp hàng hóa, vật dụng gần nguồn lửa, nguồn nhiệt và lấn chiếm lối đi; Trông coi khi đun nấu, thắp hương, đốt vàng mã, cỏ rác; Tắt thiết bị điện, khóa van gas khi không sử dụng; Mở lối thoát hiểm thứ hai, chuẩn bị phương án thoát nạn và các phương tiện chữa cháy; Tham gia “Tổ liên gia an toàn PCCC”; Khi có sự cố cháy, nổ gọi ngay 114 hoặc sử dụng App “Báo cháy 114”.",requested_actions,public_service,public_service,public_service,False,False,False,call_phone|install_application|other,call_phone|install_application,click_or_visit_link|call_phone,public_service,False,call_phone|install_application|other,
phase1_01600,(TB) Quy Khach da huy thanh cong goi MI_D7 trên app My VNPT. Thong tin chi tiet truy cap My VNPT http://onelink.to/v58hh4 hoac lien he 18001091,requested_actions,telecom,telecom,telecom,False,False,False,click_or_visit_link|call_phone,click_or_visit_link,click_or_visit_link|call_phone,telecom,False,click_or_visit_link|call_phone,
phase1_01719,OTP cua Quy Khach la: 20666970. Ma xac thuc giao dich tren vi co hieu luc trong vong 2 phut. QK TUYET DOI khong cung cap OTP cho nguoi khac tranh bi lua dao!,message_domain,banking_finance,other,banking_finance,False,False,False,none,none,none,banking_finance,False,none,
phase1_01772,"Hưởng ứng Ngày Pháp luật nước Cộng hòa xã hội chủ nghĩa Việt Nam 09/11, toàn dân nâng cao ý thức tôn trọng, tuân theo Hiến pháp và pháp luật.",message_domain,public_service,other,public_service,False,False,False,none,none,none,public_service,False,none,
phase1_01928,"[QC] DATA LƯỚT MẠNG CẢ NGÀY. Soạn GIC70N gửi 191: Chỉ 70K/30 ngày, có 1GB/ngày, nghe toàn bộ nội dung sách nói Mydio. DV gia hạn sau 30 ngày.  Lưu ý: CT dành riêng cho thuê bao từ 6-22 tuổi đang sử dụng gói cước GIC của Viettel. Để chuyển đổi sang gói cước GIC, soạn GIC gửi 195. LH 198 (0đ). Từ chối QC, soạn TC4 gửi 199.",requested_actions,telecom,telecom,telecom,False,False,False,reply_message,make_payment,reply_message|click_or_visit_link,telecom,False,reply_message,
phase1_01954,"Viettel thong bao: Quy khach da duoc lap hoa don so K25TVA2611398, ngay lap 14/09/2025, so tien 0 VND. Quy khach co the tra cuu hoa don dien tu tai http://www.vietteltelecom.vn/hdbh theo ma so bi mat 5HK2M9SZP5.",requested_actions,telecom,telecom,telecom,False,False,False,click_or_visit_link,none,click_or_visit_link,telecom,False,click_or_visit_link,
phase1_02142,(TB) Chốt ngay - Quà tới tay! Quý khách nhận được tin nhắn có ngay 20% giá trị thẻ nạp trong NGÀY MAI 17/6/2025. Khuyến mại được sử dụng gọi/nhắn tin trong 15 ngày. Thêm ưu đãi hời khi nạp thẻ tại https://my.vnpt.com.vn/adv/napthe .  CSKH: 18001091 (0đ).,message_domain|requested_actions,telecom,marketing_promotion,telecom,False,False,False,click_or_visit_link|call_phone,click_or_visit_link|deposit_or_top_up,click_or_visit_link|make_payment,telecom,False,click_or_visit_link|call_phone,
phase1_02300,"(TB) Chúc mừng đội tuyển VIỆT NAM VÔ ĐỊCH ASEAN CUP 2024, VinaPhone tặng riêng Quý khách 20% giá trị thẻ nạp vào NGÀY MAI 07/1/2025 (khuyến mại được sử dụng gọi/nhắn tin trong 15 ngày). Cơ hội trúng iPhone 16 Pro Max và hàng ngàn giải thưởng tổng trị giá hơn 5,5 TỶ đồng khi nạp thẻ từ 20.000đ. Thêm ưu đãi hời khi nạp thẻ tại https://my.vnpt.com.vn/adv/napthe . CSKH: 18001091 (0đ).",message_domain|requested_actions,telecom,marketing_promotion,telecom,False,False,False,click_or_visit_link|call_phone,click_or_visit_link|make_payment,click_or_visit_link|make_payment,telecom,False,click_or_visit_link|call_phone,
phase1_02302,Goi cuoc D159V (159000d) cua Quy khach se duoc gia han chu ky tiep theo vao ngay 04/01/2025. QK vui long nap tien tai: https://vnptpay.vn/bill/ va duy tri so du TKC toi thieu 159000d de duoc gia han tu dong va huong uu dai goi. Tran trong cam on. Chi tiet lien he 18001091,message_domain|requested_actions,telecom,banking_finance,telecom,False,False,False,deposit_or_top_up|call_phone|click_or_visit_link,click_or_visit_link|make_payment,click_or_visit_link|make_payment,telecom,False,deposit_or_top_up|call_phone|click_or_visit_link,
phase1_02325,"Bắc, tài khoản tài chính của bạn đã được thêm vào. Tài khoản: Nay128 Mật khẩu: yk6698 USDT Số dư: 1,080,096.50 [ ehoaq. com ] Vui lòng giữ nó ở nơi an toàn.",message_domain|obfuscation_present|requested_actions,banking_finance,other,investment,True,False,False,click_or_visit_link,none,none,banking_finance,True,click_or_visit_link,
phase1_02358,Tiktok đang tuyển nhân viên làm việc tại nhà ! ! ! Mô tả công việc: Xử lý đơn hàng ứng dụng của Tiktok. Thu nhập trong ngày 350 - 999k / ngày Thao tác đơn giản và bạn có thể nhận tiền sau 13 - 25 phút. Các bạn có nhu cầu tham gia xin liên hệ zalo.me/84937441240 zalo:84937441240,requested_actions,employment,employment,employment,False,False,False,contact_off_platform,click_or_visit_link|contact_off_platform,contact_off_platform,employment,False,contact_off_platform,
phase1_02368,"j)t.ly/Q5YuG Um Cu,u~Th,ua8% ZJ Na.pVao-LanD:au,UuDa'j:8Tr8 PJ wz8:88.Bma Gu.i_C:OT~6OKa:H'SD;2_4H[[H6MW9KD1X191> zHoa'n,Tr'a~1,4% Ge",message_domain|requested_actions,gambling,marketing_promotion,unknown,True,True,True,click_or_visit_link|deposit_or_top_up,unclear,unclear,gambling,True,click_or_visit_link|deposit_or_top_up,
phase1_02399,"E Ho Cho Cap Lai, lam Bang Lai Xe Cac Loai A,B,C,D..Cung Cap Cac Loai Giay To Khac CCCD,Bang DH,Cdang,TCap. GiaoHang va ThanhToan Tai Nha LH 0986557450 Rsmv",message_domain,other,marketing_promotion,commerce,False,False,False,call_phone,call_phone,call_phone,other,False,call_phone,
phase1_02400,"Gai Xinh Toan Quoc phuc vu: 3p 69, Bu , Sex lien dit Add Zalo: 588326850 rcdgq",requested_actions,adult_service,adult_service,adult_service,False,False,False,contact_off_platform,call_phone|contact_off_platform,contact_off_platform,adult_service,False,contact_off_platform,
phase1_02405,"{DAT} M/tjen du0ng ket n0i SĂN.BAY LT ,ke ben Khu CNC, KDL, T/T0an tu 129 Tr/nen. CK 18%.T/toan 18 thang. SHR, XD ngay.LH: 0937 70 4636 / ik,Er",requested_actions,investment,investment,investment,True,True,True,call_phone,call_phone|transfer_money,call_phone,investment,True,call_phone,
phase1_02412,https://ww.facebook.com/CSKHduongdinhninh035/ Chị nhắn vào Facebook bạn này ạ chị nhắn là tôi muốn hoàn tiền đơn hàng mĩ phẩm HASAKI bị lỗi gây kích ứng MVD: 1041 SĐT ĐẶT HÀNG: 0987654321,message_domain,commerce,personal_social,commerce,False,False,False,contact_off_platform,contact_off_platform,contact_off_platform,commerce,False,contact_off_platform,
phase1_02439,"anh chị hãy chuyển số tiền cần nạp vào tài khoản này ạ, sau đó chụp lại màn hình em sẽ làm lệnh nạp vào tài khoản CSI giúp anh ạ Ngân hàng thương mại cổ phần Hàng hải Việt Nam MSB STK: 04001012266596 tên chủ TK: CÔNG TY TNHH DAU TU BAT DONG SAN SSG 10:30",message_domain,investment,unknown,banking_finance,False,False,False,transfer_money,transfer_money,transfer_money|provide_personal_information,investment,False,transfer_money,
phase1_02445,"Hệ Thống Messenger Thông Báo: Xin chúc mừng tài khoản Messenger đã may mắn nhận được Giải Nhất từ sự kiện 'Tuần Lễ Vàng' tri ân khách hàng chào Quý 3, đón Năm Mới 2024. Bây giờ bạn vui lòng tiến hành truy cập vào trang địa chỉ website: TraoThuongQuy3.Com (viết liền nhau, không dấu) để đăng ký làm thủ tục hồ sơ nhận thưởng. Hoặc có thể truy cập công cụ tìm kiếm Google và gõ từ khóa: (TraoThuongQuy3.Com). Sau đó chọn kết quả tìm kiếm đầu tiên để truy cập trang website lãnh thưởng. Mọi thắc mắc xin liên hệ Tổng đài CSKH: [(08) 9921 4440]",requested_actions,other,other,marketing_promotion,False,False,True,click_or_visit_link|call_phone,click_or_visit_link|register_or_sign_up,click_or_visit_link|register_or_sign_up|call_phone,other,False,click_or_visit_link|call_phone,
phase1_02447,"Vietcombank nhan duoc yeu cau KICH HOAT LAI UNG DUNG VCB DIGIBANK. Neu Quy khach KHONG CHU DONG yeu cau, TUYET DOI KHONG CUNG CAP HOAC XAC NHAN BANG MA OTP de tranh rui ro bi CHIEM DOAT TAI 29,111,111VND luc 25-11-2022 15:26:45. SD 46,027VND. Ret",requested_actions,banking_finance,banking_finance,banking_finance,False,False,False,none,other,reply_message,banking_finance,False,none,
phase1_02450,"Chào chị. Tôi là cán bộ thuế vừa trao đổi điện thoại với chị. Để làm tờ khai thuế online, mời chị truy cập và tải app của Cơ quan tại link: thuedientuu.vn. Sau khi đã tải app xong, chị hãy phản hồi lại tin nhắn này để chúng tôi theo dõi và hướng dẫn các bước tiếp theo. - Công chức thuế (Tên cơ quan)",message_domain,public_service,other,public_service,False,False,False,click_or_visit_link|install_application|reply_message,click_or_visit_link|reply_message|install_application,click_or_visit_link|reply_message,public_service,False,click_or_visit_link|install_application|reply_message,
phase1_02457,"Chúc mừng chị, tài khoản Shopee nguyenthuha92. Shopee xin trân trọng thông báo tài khoản Shopee của quý khách đã rất may mắn nhận được thẻ quà tặng tiền mặt trị giá 200.000.000₫ từ Quà Tặng Shopee 2022. Nhận Quà Tặng Shopee - Truy cập ngay (https://shopee.vn-trangchu.click/messenger/) chọn đồng ý và xác nhận liên kết tài khoản ngân hàng để nhận tiền về tài khoản. Shopee kính gửi!",requested_actions,commerce,commerce,commerce,False,False,False,click_or_visit_link|provide_personal_information,click_or_visit_link|register_or_sign_up,click_or_visit_link|provide_personal_information,commerce,False,click_or_visit_link|provide_personal_information,
phase1_02462,"KHÁCH HÀNG CHÚ Ý: Trong trường hợp Quý khách không phản hồi hoặc không yêu cầu hủy, hệ thống sẽ mặc định xác nhận sự đồng thuận tham gia gói bảo hiểm, dựa trên quy định tại Điều 38 - Luật Giao dịch điện tử năm 2005, áp dụng hình thức xác lập hợp đồng điện tử. Mọi thông tin chi tiết, phản hồi hoặc yêu cầu hỗ trợ, vui lòng liên hệ: Email: dvkh@dbvivn.com",message_domain|requested_actions,banking_finance,other,commerce,False,False,False,reply_message,reply_message|contact_off_platform,reply_message,banking_finance,False,reply_message,
phase1_02465,"Em chào Chị Ạ, Chúc Chị Thanh Vân có một ngày tham quan nhiều gian hàng, tiếp cận nhiều công nghệ mới, để sẵn sàng bứt phá cùng TRIỂN LÃM QUỐC TẾ ĐỔI MỚI SÁNG TẠO VIỆT NAM 2024 nhé! Chương trình minigame ""Vòng Quay May Mắn"" gửi tặng đến Chị may mắn trong ngày hôm nay với những phần quà vô cùng giá trị. Ấn Quay Ngay để cùng tham gia nhé! t.me/vip",requested_actions,marketing_promotion,marketing_promotion,marketing_promotion,False,False,False,click_or_visit_link|contact_off_platform,unclear,click_or_visit_link,marketing_promotion,False,click_or_visit_link|contact_off_platform,
phase1_02470,"Bạn nhận được lời nhắn từ 0896629857 vào lúc 19:56 16/10/2022 với nội dung: chị khó khăn. Công ty Fe đã hỗ trợ cho người thân ông bà là vậy điện mình bảo: ""Năm qua anh chị vẫn trốn tránh việc trả nợ. Vài ngày tới, cán bộ pháp lý sẽ về địa phương hoàn tất thủ tục khởi kiện liên hệ công an khu vực hỗ trợ giải quyết điện bị toàn bộ khoản nợ cầu thanh toán và liên hệ số điện thoại 08964, gọi 102610 để nghe lại (Miễn phí). Chi tiết l/h 9090 (200đ/p)",requested_actions,debt_collection,debt_collection,debt_collection,False,False,False,make_payment|call_phone,call_phone|transfer_money,call_phone|reply_message,debt_collection,False,make_payment|call_phone,
phase1_02493,"Ben Em nhan lam cac loai gplx may,oto..chung minh thu,can cuoc,dang ki xe,bang cap 3 den dai hoc va tat ca giay to khac,LH 0877.607.954 giao hang thu tien",message_domain,other,marketing_promotion,commerce,False,False,False,call_phone,call_phone,call_phone,other,False,call_phone,
phase1_02496,"THE THAO THUONG 2TR3, SLOT THUONG 230K TANG 90K KHI XAC MINH TAI KHOAN NAP TIEN LAN DAU TANG NGAY 50K DKY TAI: https://t.ly/oScnl lMEtM",message_domain|requested_actions,gambling,marketing_promotion,investment,False,False,True,click_or_visit_link|deposit_or_top_up|register_or_sign_up,click_or_visit_link,click_or_visit_link|provide_personal_information,gambling,False,click_or_visit_link|deposit_or_top_up|register_or_sign_up,
phase1_02498,taq ngay 8'8'8K khi d/ky tai:bit.ly/Frw2T5 diem danh nhan 124.3K rut lien 6Rg8,message_domain|requested_actions,gambling,other,marketing_promotion,True,True,True,click_or_visit_link|deposit_or_top_up,click_or_visit_link,click_or_visit_link,gambling,True,click_or_visit_link|deposit_or_top_up,
phase1_02517,"Täng 888K, 888K! 888K Nhän ngay 88K MPhi, tu: gv2xu.cc/WlhXzU ~u9pa",message_domain|obfuscation_present,gambling,other,gambling,True,False,False,click_or_visit_link,click_or_visit_link,click_or_visit_link,gambling,True,click_or_visit_link,
phase1_02548,"[Thông báo] Hội thảo trực tuyến ""Không trúng tuyển nguyện vọng yêu thích? Biến nguy thành cơ"" với sự tham gia của các khách mời, chuyên gia tâm lý đến từ nhiều trường đại học đang diễn ra. Để không bỏ lỡ cơ hội được tham dự, lắng nghe và đặt câu hỏi trực tiếp cho các chuyên gia, mời quý phụ huynh & thí sinh truy cập liên kết: https://us02web.zoom.us/j/81558445815. Hotline: (028) 7300 5588",requested_actions,other,other,employment,False,False,False,click_or_visit_link|call_phone,click_or_visit_link,click_or_visit_link,other,False,click_or_visit_link|call_phone,
phase1_03051,"Cuoi tuan nay ranh ko Thắng? Qua nha toi choi, moi mua dc may chai ruou ngon.",requested_actions,personal_social,personal_social,personal_social,False,False,False,none,visit_physical_location,visit_physical_location,personal_social,False,none,
phase1_03210,MoMo: Mung sinh nhat! Quy khach nhan ngay 1 luot quay trung qua 100% tai chuong trinh Sinh Nhat Vang tren MoMo. Han dung 30/11/2025. Choi ngay tai momo.vn. Tu choi QC: TC gui 8788.,requested_actions,banking_finance,banking_finance,marketing_promotion,False,False,False,click_or_visit_link|reply_message,click_or_visit_link,click_or_visit_link,banking_finance,False,click_or_visit_link|reply_message,
phase1_03472,Lotteria: Ban co 1 tin nhan qua tang! Moi ban be tai app nhan ngay voucher giam 30% cho combo Ga Ran. Han den 31/10/2026. lotteria.vn,message_domain|requested_actions,commerce,marketing_promotion,marketing_promotion,False,False,False,install_application|click_or_visit_link,none,click_or_visit_link,commerce,False,install_application|click_or_visit_link,
phase1_03511,928471 la ma xac minh Shopee cua ban. Ma co hieu luc trong 5 phut.,message_domain,commerce,other,commerce,False,False,False,none,none,provide_personal_information,commerce,False,none,
phase1_04082,"Lazada: Ma xac minh dang nhap tren thiet bi moi la 441029. KHONG chia se ma nay voi bat ky ai, ke ca Lazada.",message_domain,commerce,other,commerce,False,False,False,none,none,none,commerce,False,none,
phase1_04289,Tiki: Don hang TKI-5544332211 cua Quy khach da dat thanh cong. Quy khach vui long theo doi hanh trinh don hang tai https://tiki.vn/track/TKI5544332211,message_domain,commerce,other,commerce,False,False,False,click_or_visit_link,click_or_visit_link,click_or_visit_link,commerce,False,click_or_visit_link,
phase1_04346,"Bách hóa xanh: Mời bạn đi chợ online, nhận ngay voucher giảm 20% cho đơn hàng thực phẩm tươi sống đầu tiên từ 200.000đ. Áp dụng qua App đến 31/08/2025. Xem tại bachhoaxanh.com.",message_domain|requested_actions,commerce,marketing_promotion,commerce,False,False,False,click_or_visit_link|install_application,other,click_or_visit_link,commerce,False,click_or_visit_link|install_application,
phase1_04730,"WinMart: Duy nhat thu Tu, Quy khach mua thit sach MEATDeli duoc giam 20% tren hoa don. Uu dai ap dung tai he thong den 25/06/2025. Hotline ho tro: 19006968.",requested_actions,commerce,commerce,commerce,False,False,False,call_phone,none,click_or_visit_link,commerce,False,call_phone,
phase1_05015,Shopee: Don hang #240315QWERTYU cua ban da dat thanh cong. Du kien giao hang tu 17/03 den 19/03. Cam on ban da mua sam.,message_domain,commerce,logistics,commerce,False,False,False,none,none,none,commerce,False,none,
phase1_05063,[TB] Viettel tang 50% luu luong data cho cac goi cuoc ST khi dang ky qua Viettel Money. Chi tiet xem tai app Viettel Money.,requested_actions,telecom,telecom,telecom,False,False,False,install_application,other,click_or_visit_link,telecom,False,install_application,
phase1_05152,Hom nay nghi lam di cf ko ong?,requested_actions,personal_social,personal_social,personal_social,False,False,False,none,visit_physical_location,none,personal_social,False,none,
phase1_05372,GHN: Van don SHNR112233445 giao khong thanh cong lan 2. Lien he giao vien 0908123123.,requested_actions,logistics,logistics,logistics,False,False,False,call_phone,none,call_phone,logistics,False,call_phone,
phase1_05375,[GHN] Shipper se den lay hang GHNR5566443322 luc 14:00. Vui long chuan bi kien hang. San sang tai ghn.vn,message_domain|requested_actions,logistics,other,logistics,False,False,False,other,click_or_visit_link,none,logistics,False,other,
phase1_05796,[!] Bảo hiểm xã hội Nghị quyết 116: Bạn đã đủ Điều Kiện nhận TIỀN từ quỹ Bảo hiểm thất nghiệp. Nhận tại www.yuiop.icu. QUÁ HẠN SẼ KHÔNG ĐƯỢC CHẤP NHẬN!,message_domain,public_service,logistics,public_service,False,False,False,click_or_visit_link,click_or_visit_link,click_or_visit_link,public_service,False,click_or_visit_link,
phase1_06255,CANH BAO LAN CUOI!!! Phòng AN NINH ĐIỀU TRA yêu cầu Ông/Bà phối hợp cung cấp lời khai về khoản vay bất thường. Hạn chót trước 17g hôm nay. Mọi sự chậm trễ sẽ bị coi là chống đối người thi hành công vụ. LH: 84900112233.,message_domain|requested_actions,public_service,debt_collection,public_service,False,False,False,call_phone,reply_message,call_phone|provide_personal_information,public_service,False,call_phone,
phase1_06441,B4n m-u-0-n nh4n l-u-0ng 500k n-g-4-y kh0ng? Ch1 c4n 10 n-h-1-3-m v-u T3l3gr4m. B4m: t.me/nhiemvu_easy,requested_actions,employment,employment,marketing_promotion,True,True,True,click_or_visit_link|contact_off_platform,click_or_visit_link,click_or_visit_link,employment,True,click_or_visit_link|contact_off_platform,
phase1_07286,"TB KHAN: Yeu cau Ong Nguyen Hoang Nam CMND: 025847361 thanh toan khoan no 15,243,000VND cho Cong ty Tai chinh FE truoc 16H Ngay 25/05. Neu tiep tuc tron tranh, chung toi se Cong Khai HINH ANH va THONG TIN len mang xa hoi va gui thong bao ve dia phuong. LH: 0912837465.",requested_actions,debt_collection,debt_collection,debt_collection,False,False,False,make_payment|call_phone,call_phone|transfer_money,make_payment|contact_off_platform,debt_collection,False,make_payment|call_phone,
phase1_07289,"TB KHAN: Mcredit thong bao den Ong Vo Van Thanh CMND: 241536782. Khoan vay 11,482,000VND da qua han. Yeu cau thanh toan truoc 16H Ngay 28/05. Bat hop tac se Cong Khai HINH ANH va THONG TIN len mang xa hoi va lam viec voi co quan chuc nang. SDT lien he: 0812345678.",requested_actions,debt_collection,debt_collection,debt_collection,False,False,False,make_payment|call_phone,call_phone|transfer_money,make_payment|contact_off_platform,debt_collection,False,make_payment|call_phone,
phase1_07291,"[CANH CAO LAN CUOI]: Mirae Asset thong bao Ong Tran Van Hung CMND: 184756293 co khoan no 32,847,500VND. Yeu cau thanh toan truoc 17g hom nay. Qua thoi han tren, chung toi se gui ho so ve Cong an PC02 va thong bao den co quan lam viec cua Ong. Hotline: 0388223344.",requested_actions,debt_collection,debt_collection,debt_collection,False,False,False,make_payment|call_phone,call_phone|transfer_money,make_payment|contact_off_platform,debt_collection,False,make_payment|call_phone,
phase1_07292,"TB KHAN: Phong An ninh Dieu tra thong bao Ong Hoang Kieu Anh CMND: 272635418 vi pham hop dong tin dung voi so tien 19,453,000VND. Yeu cau thanh toan truoc 16H Ngay 30/05. Neu khong se tien hanh truy to toi chiem doat tai san. Lien he: 0944556677.",message_domain|requested_actions,debt_collection,public_service,debt_collection,False,False,False,make_payment|call_phone,call_phone|transfer_money,make_payment|contact_off_platform,debt_collection,False,make_payment|call_phone,
phase1_07294,"[CANH CAO LAN CUOI]: Ong Ly Hai Nam CMND: 024857361 co khoan vay 4,125,500VND tai Mcredit da qua han. Yeu cau thanh toan trong 24H nua. Neu khong chung toi se thong bao nguoi than gia dinh va thuc hien bien phap cuong che tai san. SDT: 0977889900.",requested_actions,debt_collection,debt_collection,debt_collection,False,False,False,make_payment|call_phone,transfer_money,make_payment|contact_off_platform,debt_collection,False,make_payment|call_phone,
phase1_07331,"CANH BAO LAN CUOI!!! Đối tượng Lê Văn Tám CMND: 191827364 cố tình né tránh khoản nợ 7,341,000VND tại HD Saison. Chúng tôi sẽ thông báo đến nơi làm việc và chính quyền địa phương nếu không trả trước 24H nữa. LH: 0912384756.",message_domain|requested_actions,debt_collection,other,debt_collection,False,False,False,make_payment|call_phone,other,call_phone,debt_collection,False,make_payment|call_phone,
phase1_07568,[CANH CAO LAN CUOI]: Co quan chuc nang dang thu ly ho so vi pham cua Ong/Ba. Yeu cau phai giai quyet nghia vu tai chinh trong vong 24H. Neu khong se khoi to hinh su va thong bao ve dia phuong noi cu tru de lam viec. LH: 84900112233.,requested_actions,public_service,public_service,public_service,False,False,False,call_phone|make_payment,call_phone,call_phone,public_service,False,call_phone|make_payment,
phase1_07779,"H.N;Z,a.l,0""v;1:P;G,@!_x:1,n,h_m;0,1: t.ly/hn_pg_club Zx4C",requested_actions,adult_service,adult_service,marketing_promotion,True,True,True,contact_off_platform|click_or_visit_link,click_or_visit_link,click_or_visit_link,adult_service,True,contact_off_platform|click_or_visit_link,
phase1_08235,HN – Zalo: HN_Zalo: Tim_ban_gai_tam_su_dem_khuya. zalo.me/g/hn_tam_su. zX1c,obfuscation_present,adult_service,adult_service,personal_social,False,True,False,contact_off_platform|click_or_visit_link,click_or_visit_link|contact_off_platform,click_or_visit_link,adult_service,False,contact_off_platform|click_or_visit_link,
phase1_08267,HCM-Telegram: S-u-g-a-r-b-a-b-y-H-C-M-c-a-n-t-i-m-d-a-d-d-y-c-h-u-d-a-o. T-e-l-e: t.me/hcm_sugar_baby uI1o,obfuscation_present,adult_service,adult_service,marketing_promotion,True,False,True,contact_off_platform|click_or_visit_link,click_or_visit_link|contact_off_platform,click_or_visit_link,adult_service,True,contact_off_platform|click_or_visit_link,
phase1_08420,H;C_M-E:m;s_I_n:H_v;I_e:N:c_U_t_E. HCM – Telegram: https://t.me/hcm_cute_sv rT8p,message_domain,adult_service,gambling,other,True,True,False,click_or_visit_link|contact_off_platform,click_or_visit_link|contact_off_platform,click_or_visit_link,adult_service,True,click_or_visit_link|contact_off_platform,
phase1_09069,"H;e,n:h`0: t!nH_m`0t_d`3m: v0i: eM: gA!_x!nH: HN – Zalo: bit.ly/hn_vjp_x dXz9",requested_actions,adult_service,adult_service,marketing_promotion,True,True,True,contact_off_platform|click_or_visit_link,click_or_visit_link|call_phone|contact_off_platform,click_or_visit_link,adult_service,True,contact_off_platform|click_or_visit_link,
phase1_09121,D4U-TU_SMART_1tr-th4nh-10tr^nhanh-ch0ng. Chuy3n_kho4n_n4p-v0n_STK_007100123456_VCB_CONG_TY_XNK_GREEN. G140_v1en_huong-dan_1-1.,obfuscation_present|requested_actions,investment,investment,banking_finance,True,False,True,transfer_money|contact_off_platform,transfer_money,provide_personal_information,investment,True,transfer_money|contact_off_platform,
phase1_09215,Cuc Vien thong: Thue b4o cwa ban se bi thu hoi. Lien he 0345678901,message_domain,telecom,public_service,public_service,True,True,False,call_phone,call_phone,call_phone,telecom,True,call_phone,
phase1_09636,B-o-d-y c-h-u-a-n e-m d-a-n-g o H-N Z-a-l-o k-e-t b-a-n: https://bit.ly/hn_body_chuan kI1u,message_domain,adult_service,other,other,True,True,False,contact_off_platform|click_or_visit_link,click_or_visit_link|contact_off_platform,click_or_visit_link,adult_service,True,contact_off_platform|click_or_visit_link,
