sample_id,content,challenge_group,annotator_a_scope_decision,annotator_a_label,annotator_a_evidence,annotator_a_confidence,annotator_a_reason,annotator_a_needs_discussion,annotator_b_scope_decision,annotator_b_label,annotator_b_evidence,annotator_b_confidence,annotator_b_reason,annotator_b_needs_discussion,scope_agree,effective_outcome_a,effective_outcome_b,effective_outcome_agree,queue_reason,final_scope_decision,final_label,adjudication_reason,scope_policy_change_required
phase1_00261,Hi,minimal_content,accepted,0,Hi,high,Chào hỏi,1,accepted,0,,high,an toan,0,1,accepted_label_0,accepted_label_0,1,annotator_a_discussion,accepted,0,Đưa vào queue để thảo luận thêm; sau thảo luận thống nhất quyết định cuối.,no
phase1_00506,"[TB] Tặng 20% giá trị tất cả thẻ nạp vào tài khoản viễn thông trong ngày 15/09/2023. CT áp dụng khi nạp thẻ online qua các ví điện tử, ứng dụng thanh toán hoặc tại https://km.vtmoney.vn/314y/kmdaitra . Tiền KM sử dụng liên lạc nội mạng trong 15 ngày. Chi tiết gọi 197 bấm phím 19 (0đ). Trân trọng.",debt_threat,accepted,0,Tặng 20% giá trị tất cả thẻ nạp ,high,TB hợp pháp,0,accepted,1,,high,qc cua nha mang,1,1,accepted_label_0,accepted_label_1,0,outcome_disagreement|annotator_b_discussion,accepted,0,gán nhầm,no
phase1_00531,"Yeah. Chuc mung Ban da co co hoi trung vang giai thuong tri gia len den 67.100.000VND tu chuong trinh Ngay Vang Viettel Money cho giao dich Mua data Viettel hom nay. Ma du thuong chinh la so dien thoai 0867256447 cua Ban, hay don cho Than Tai go cua vao luc 18h30 moi ngay nhe! Chi tiet chuong trinh va theo doi ket qua trung thuong tai http://viettelmoney.vn/ngayvang2023",opportunity_ambiguous,accepted,0,chuong trinh Ngay Vang Viettel Money cho giao dich Mua data Viettel hom nay,medium,Hợp lệ chỉ vì tên thương hiệu hợp pháp,1,accepted,1, 67.100.000VND,high,hinh thuc trung thuong gia de lua dao,0,1,accepted_label_0,accepted_label_1,0,outcome_disagreement|annotator_a_discussion,accepted,1,Nội dung phản ánh hình thức lừa đảo trúng thưởng,"Xét tổng thể ngữ cảnh, không vì brandname mà quyết định auto nhãn 0"
phase1_00639,Ok e,minimal_content,accepted,0,Ok e,high,P2P ,1,accepted,0,,high,bth thoi,0,1,accepted_label_0,accepted_label_0,1,annotator_a_discussion,accepted,0,Đưa vào queue để thảo luận thêm; sau thảo luận thống nhất quyết định cuối.,no
phase1_00752,Ok em,minimal_content,accepted,0,Ok em,high,P2P ,1,accepted,0,qc,high,tn vo hai,0,1,accepted_label_0,accepted_label_0,1,annotator_a_discussion,accepted,0,Đưa vào queue để thảo luận thêm; sau thảo luận thống nhất quyết định cuối.,no
phase1_00977,Ok em .Hihi,minimal_content,accepted,0,Ok em .Hihi,high,P2P ,1,accepted,0,,high,tn vui ve hoy,0,1,accepted_label_0,accepted_label_0,1,annotator_a_discussion,accepted,0,Đưa vào queue để thảo luận thêm; sau thảo luận thống nhất quyết định cuối.,no
phase1_01043,0968422623: lovely baby,minimal_content,excluded_language_scope,,lovely baby,high,Eng > 50%,1,accepted,0,,high,tin nhan hoi dua tinh,0,0,excluded_language_scope,accepted_label_0,0,outcome_disagreement|annotator_a_discussion,excluded_language_scope,,eng > 50%,no
phase1_01069,"[QC] NẠP THẺ LIỀN TAY, NHẬN NGAY QUÀ KHỦNG 1.Thẻ mệnh giá dưới 50.000đ, tặng 6GB/3 ngày: 3GB trên các hạ tầng (ST15K)+3GB trên 4G 2.Thẻ mệnh giá từ 50.000đ trở lên, tặng 14GB/7 ngày: 7GB trên các hạ tầng (ST30K)+7GB trên 4G CT áp dụng với THẺ NẠP ĐẦU TIÊN trong ngày 08/04 cho TB của Quý khách. LH 198 (0đ). Từ chối QC, soạn TC1 gửi 199",heavy_noise_context,accepted,0,,high,QC hợp pháp,0,accepted,0,[QC],high,"qc vo hai, k url, sdt",0,1,accepted_label_0,accepted_label_0,1,low_or_missing_confidence,accepted,0,Quên ghi confidence,no
phase1_01759,(TB) Chuc Mung Quy Khach da dang ky thanh cong goi KM_D3 trên app My VNPT. Thong tin chi tiet truy cap My VNPT http://onelink.to/v58hh4 hoac lien he 18001091,heavy_noise_context,accepted,0,dang ky thanh cong goi KM_D3 trên app My VNPT,high,tb đky gói dịch vụ,0,accepted,1, http://onelink.to/v58hh4,medium,"link khong co brandname, co the lua dao",1,1,accepted_label_0,accepted_label_1,0,outcome_disagreement|annotator_b_discussion,accepted,0,Khác nhãn,Không đánh giá hoàn toàn theo link mà đánh giá toàn ngữ cảnh
phase1_01856,A lô,minimal_content,accepted,0,A lô,high,P2P ,1,accepted,0,,high,k co j,0,1,accepted_label_0,accepted_label_0,1,annotator_a_discussion,accepted,0,Đưa vào queue để thảo luận thêm; sau thảo luận thống nhất quyết định cuối.,no
phase1_02022,"Tai khoan cua QK da duoc nap 10,000d tu VNPT MONEY vao 07/10/2025 14:16:13. Ma giao dich 2386315099. Chi tiet lien he CSKH 18001091 (0d) hoac truy cap https://my.vnpt.com.vn/app",legitimate_security_like,accepted,0,"Tai khoan cua QK da duoc nap 10,000d tu VNPT MONEY ",high,Thông báo giao dịch nạp tiền bình thường,0,accepted,1,,high,nd bth,1,1,accepted_label_0,accepted_label_1,0,outcome_disagreement|annotator_b_discussion,accepted,0,Gán nhầm,no
phase1_02195,"GIA HAN LIEN TAY, CHOP NGAY UU DAI! Goi cuoc FHAPPY (118.000d/90 ngay) cua QK co HSD het ngay 11/04/2025 23:59:59. Moi QK gia han goi cuoc bang cach quet QR va thanh toan de dang qua tai khoan ngan hang/vi dien tu tai https://thanhtoan.vnpt.vn/945b51a2. CSKH 18001091.",debt_threat,accepted,0,,high,TB hợp pháp,0,accepted,1,HSD het ngay 11/04/2025 23:59:59,medium,"50-50, co thong bao gap rut lien quan tien va co url kem theo",1,1,accepted_label_0,accepted_label_1,0,outcome_disagreement|annotator_b_discussion,accepted,0,Đưa vào queue để thảo luận thêm; sau thảo luận thống nhất quyết định cuối.,no
phase1_02261,"Quy khach da dang ky thanh cong Bao hiem xe may PVI. So hop dong 250192454, Ho ten chu xe: Cao Minh Tan, bien so/ so khung: 68M7-2020. Phi bao hiem 99.000d da duoc tru vao Cong thanh toan Viettel Money cua Quy khach. Thoi gian hieu luc tu 17:27 07/02/2025 den 17:27 07/02/2028. Truy cap https://km.viettelmoney.vn/6Win/HOPDONG hoac https://congbaohiem.com.vn/Personal/Index de tra cuu hop dong bao hiem. Lien he 0981314410 (0 d/p).",legitimate_security_like,accepted,0,tru vao Cong thanh toan Viettel Money,high,TB bảo hiểm xe máy ,0,accepted,0,Phi bao hiem 99.000d,medium,hoi lien quan den tien va huong dan ng dung truy cap link,1,1,accepted_label_0,accepted_label_0,1,annotator_b_discussion,accepted,0,thảo luận thêm,no
phase1_02338,Chung toi phat hien tai khoan cua ban dang tieu dung o nuoc ngoai .Neu khong phai ban dang tieu dung vui long nhap vao https://v-acb.com de huy thanh toan,debt_threat,accepted,1, tai khoan cua ban dang tieu dung o nuoc ngoai; eu khong phai ban dang tieu dung vui long nhap,high,Lừa đảo giả mạo ngân hàng,0,needs_adjudication,,,medium,"noi dung canh bao kha sach, link thi dang nghi",0,0,accepted_label_1,needs_adjudication,0,outcome_disagreement,accepted,1,cần thảo luận,no
phase1_02348,"Chào chị. Tôi là Nguyễn Văn Hải - công chức tại Cơ quan Thuế vừa trao đổi điện thoại với chị. Để làm tờ khai thuế online, mời chị truy cập và tải app của Cơ quan tại link: thuedientuu.vn Sau khi đã tải app xong, hãy phản hồi lại tin nhắn này để chúng tôi trao đổi và hướng dẫn các bước tiếp theo.",language_boundary,accepted,1,,high,Giả mạo công chức nhà nước,0,accepted,1,truy cập và tải app ,medium,co hanh vi du do tai app doc hai,1,1,accepted_label_1,accepted_label_1,1,annotator_b_discussion,accepted,1,đã thảo luận xong,no
phase1_02364,"tORKiM! ay:Ma""n;N,ha7lXklq,uoacx.tech*;G^ja*nh$ap! nhan:thu""0g;Ho,ngbao'a~n^t*o$n!hayP3m56",out_of_scope_malicious,needs_adjudication,,"M! ay:Ma""n;N,ha7lXklq,uoacx.tech*;G^ja*nh$ap! nhan:thu""0g",high,Dụ dỗ click vào đường link bất chính,1,excluded_insufficient_context,,,medium,doc cha hieu gi,1,0,needs_adjudication,excluded_insufficient_context,0,outcome_disagreement|annotator_a_discussion|annotator_b_discussion|low_or_missing_confidence,excluded_out_of_scope_malicious,,đã thống nhất,no
phase1_02371,Em la nu sinh vien 21 tuoi MU0N KIEM chut Tjen trang TRAI CU0C S0NG EM C0 the den lam tinh khu vuc nao cung DU0C GIA CA Uu DAI Add ZAL0 e: 0367891234 QkR,out_of_scope_malicious,excluded_out_of_scope_malicious,,,high,Nội dung nhạy cảm,0,excluded_out_of_scope_malicious,,lam tinh,high,thuoc hanh vi mai dam=>te nan xa hoi k phai lua dao,0,1,excluded_out_of_scope_malicious,excluded_out_of_scope_malicious,1,low_or_missing_confidence,excluded_out_of_scope_malicious,,đã thống nhất ,no
phase1_02412,https://ww.facebook.com/CSKHduongdinhninh035/ Chị nhắn vào Facebook bạn này ạ chị nhắn là tôi muốn hoàn tiền đơn hàng mĩ phẩm HASAKI bị lỗi gây kích ứng MVD: 1041 SĐT ĐẶT HÀNG: 0987654321,language_boundary,accepted,0,Chị nhắn vào Facebook bạn này ạ chị nhắn là tôi muốn hoàn tiền đơn hàng mĩ phẩm HASAKI bị lỗi gây kích ứng,medium,"Thương hiệu hợp lệ, nội dung cũng khá là hợp lý",1,accepted,0,,high,tin nhan cskh kha than thien vo hai,0,1,accepted_label_0,accepted_label_0,1,annotator_a_discussion,accepted,0,đã thảo luận xong,no
phase1_02434,"j)t.ly/Q5YuG Um Cu,u~Th,ua8% ZJ Na.pVao- LanD:au,UuDa'j:8Tr8 PJ wz8:88.Bma Gu.i_C:OT~6OKa:H'SD;2_4H {H6MW9KD1X191> z Hoa'n,Tr'a~1,4% Ge",out_of_scope_malicious,needs_adjudication,,,high,,1,needs_adjudication,,,medium,nd k hieu gi nhung co link dang ngo,1,1,needs_adjudication,needs_adjudication,1,annotator_a_discussion|annotator_b_discussion|low_or_missing_confidence,excluded_out_of_scope_malicious,,đã thống nhất ,no
phase1_02435,"&,b La,yNg,ay_Ba'y~9Ng'hjn"" Kh'iID:o:wn:l:oadU'n'gDu'gVa_ XacN:han,SoD:T {TXGIJE> m K'Ma'iVo'g'Quay""P:h:a:tTai:1_59 :Ng:j:n6;VbUmlosnG.qcpo.bid D",out_of_scope_malicious,needs_adjudication,,"ID:o:wn:l:oadU'n'gDu'gVa_ XacN:han,SoD:T",high,Dụ dỗ tải app bất chính,1,needs_adjudication,,,low,khong hieu noi dung,0,1,needs_adjudication,needs_adjudication,1,annotator_a_discussion|low_or_missing_confidence,excluded_out_of_scope_malicious,,đã thống nhất,no
phase1_02450,"Chào chị. Tôi là cán bộ thuế vừa trao đổi điện thoại với chị. Để làm tờ khai thuế online, mời chị truy cập và tải app của Cơ quan tại link: thuedientuu.vn. Sau khi đã tải app xong, chị hãy phản hồi lại tin nhắn này để chúng tôi theo dõi và hướng dẫn các bước tiếp theo. - Công chức thuế (Tên cơ quan)",language_boundary,accepted,1,cán bộ thuế vừa trao đổi điện thoại,high,Giả mạo công chức nhà nước,0,accepted,1,Sau khi đã tải app xong,low,co dau hieu du do tai app doc hai,1,1,accepted_label_1,accepted_label_1,1,annotator_b_discussion|low_or_missing_confidence,accepted,1,đã thảo luận xong,no
phase1_02459,Xin chúc mừng bạn @gmail.com đã trúng thưởng một xe máy SH trị giá 97 triệu đồng. Vui lòng truy cập website: www.traogiainammoi2022.com để hoàn tất hồ sơ nhận thưởng,opportunity_ambiguous,accepted,1,Vui lòng truy cập website: www.traogiainammoi2022.com để hoàn tất hồ sơ nhận thưởng,high,Có dấu hiệu lừa đảo khá rõ,1,accepted,1,,high,qua gia tri lon va kem link thuong de thao tung nan nhan lam theo de lua dao,0,1,accepted_label_1,accepted_label_1,1,annotator_a_discussion,accepted,1,đã thảo luận xong,no
phase1_02516,Dang ky nhan ngay 88.000k mien phi Su kien sieu Hot nap dau nhan ngay 238k x1 vong cuoc. Chuc AE may man t.ly/O4mad,out_of_scope_malicious,excluded_out_of_scope_malicious,,,high,QC cờ bạc,0,accepted,1,,high,co hanh vi lua dao ttcn,1,0,excluded_out_of_scope_malicious,accepted_label_1,0,outcome_disagreement|annotator_b_discussion,excluded_out_of_scope_malicious,,đã thống nhất,no
phase1_02532,"DvVCh:oj_Vu,jVe Ch.jenThan.g:H,OTz99N:g:in-M,ayMa'nsk<2srcfxcs.sh-n.com'KfQi",out_of_scope_malicious,needs_adjudication,,,high,,1,accepted,1,"Ch:oj_Vu,jVe Ch.jenThan.g",high,dau hieu co bac online lua dao,0,0,needs_adjudication,accepted_label_1,0,outcome_disagreement|annotator_a_discussion|low_or_missing_confidence,excluded_out_of_scope_malicious,,đã thống nhất,no
phase1_02546,Rut ko c4nnap KVVlN TAG 199 k - 399 k n4pdau TRAlNGHlEM GEM-BAl XANH 9  VAO c19.kwin668.com  hPNNO,out_of_scope_malicious,needs_adjudication,,,high,,1,accepted,1,TRAlNGHlEM GEM-BAl XANH 9 VAO c19.kwin668.com,high,co bac online lua dao tien,1,0,needs_adjudication,accepted_label_1,0,outcome_disagreement|annotator_a_discussion|annotator_b_discussion|low_or_missing_confidence,excluded_out_of_scope_malicious,,đã thống nhất,no
phase1_02560,"3i Dang Ki Tang 88K, Nap Dau Tang 188K,Va Nhieu Uu Dai Khac. Thang Rut Cuc Nhanh, Chuc AE Thang Lon. tixa1kv.Gezne.de dk",out_of_scope_malicious,excluded_out_of_scope_malicious,,"Dang Ki Tang 88K, Nap Dau Tang 188K",high,QC cờ bạc,0,accepted,1,,high,co bac online,1,0,excluded_out_of_scope_malicious,accepted_label_1,0,outcome_disagreement|annotator_b_discussion,excluded_out_of_scope_malicious,,đã thống nhất ,no
