sample_id,content,message_domain,text_phenomena,text_noise_score,target_age_groups,target_gender,target_roles,target_evidence,obfuscation_present,obfuscation_techniques,obfuscation_severity,obfuscation_confidence,persuasion_tactics,requested_actions,requested_action_evidence,review_flags,confidence_message_domain,confidence_surface_features,confidence_target_audience,confidence_obfuscation,confidence_persuasion_tactics,confidence_requested_actions
phase1_01600,(TB) Quy Khach da huy thanh cong goi MI_D7 trên app My VNPT. Thong tin chi tiet truy cap My VNPT http://onelink.to/v58hh4 hoac lien he 18001091,telecom,abbreviation,1,general,all,customer,Quý khách,false,,0,1.0,reward_incentive,click_or_visit_link|call_phone,truy cập My VNPT http://onelink.to/v58hh4 || liên hệ 18001091,,1.0,1.0,1.0,1.0,1.0,1.0
phase1_01954,"Viettel thong bao: Quy khach da duoc lap hoa don so K25TVA2611398, ngay lap 14/09/2025, so tien 0 VND. Quy khach co the tra cuu hoa don dien tu tai http://www.vietteltelecom.vn/hdbh theo ma so bi mat 5HK2M9SZP5.",telecom,,0,general,all,customer,Quy khach,false,,0,1.0,,click_or_visit_link,truy cập hoa don dien tu tai http://www.vietteltelecom.vn/hdbh theo ma so bi mat 5HK2M9SZP5,,1.0,1.0,1.0,1.0,1.0,1.0
phase1_02300,"(TB) Chúc mừng đội tuyển VIỆT NAM VÔ ĐỊCH ASEAN CUP 2024, VinaPhone tặng riêng Quý khách 20% giá trị thẻ nạp vào NGÀY MAI 07/1/2025 (khuyến mại được sử dụng gọi/nhắn tin trong 15 ngày). Cơ hội trúng iPhone 16 Pro Max và hàng ngàn giải thưởng tổng trị giá hơn 5,5 TỶ đồng khi nạp thẻ từ 20.000đ. Thêm ưu đãi hời khi nạp thẻ tại https://my.vnpt.com.vn/adv/napthe . CSKH: 18001091 (0đ).",telecom,abbreviation,1,general,all,customer,Quý khách,false,,0,1.0,reward_incentive|scarcity,click_or_visit_link|make_payment,nạp thẻ tại https://my.vnpt.com.vn/adv/napthe || CSKH: 18001091 (0đ),,1.0,1.0,1.0,1.0,1.0,1.0
phase1_00132,"(QC) MKTAMDUC gui tang khach hang Uu Dai Sinh Nhat trong thang 2 ma ""SN02"" giam gia -49% 01 san pham Gong, Kinh mat.  CT: https://mktd.vn/sinhnhat .HSD 28/02. De tu choi QC, Soan TC MKTAMDUC gui 1313",commerce,abbreviation,1,general,all,customer,khach hang,false,,0,1.0,reward_incentive,click_or_visit_link|reply_message,CT: https://mktd.vn/sinhnhat || Soan TC MKTAMDUC gui 1313,,1.0,1.0,1.0,1.0,1.0,1.0
phase1_02142,(TB) Chốt ngay - Quà tới tay! Quý khách nhận được tin nhắn có ngay 20% giá trị thẻ nạp trong NGÀY MAI 17/6/2025. Khuyến mại được sử dụng gọi/nhắn tin trong 15 ngày. Thêm ưu đãi hời khi nạp thẻ tại https://my.vnpt.com.vn/adv/napthe .  CSKH: 18001091 (0đ).,telecom,,0,general,all,customer,Quý khách,false,,0,1.0,reward_incentive,click_or_visit_link|make_payment,nạp thẻ tại https://my.vnpt.com.vn/adv/napthe || CSKH: 18001091 (0đ),,1.0,1.0,1.0,1.0,1.0,1.0
phase1_00825,"[TB] Soan F70 gui 191: 70.000d/30 ngay co 3GB, mien phi 10p/cuoc noi mang, 20p ngoai mang. Goi cuoc gia han sau 30 ngay. CT ap dung den 14/09. LH 198 (0d).",telecom,abbreviation,1,general,all,customer,Quy khach,false,,0,1.0,reward_incentive,reply_message|call_phone,Soan F70 gui 191 || LH 198 (0d),,1.0,1.0,1.0,1.0,1.0,1.0
phase1_01772,"Hưởng ứng Ngày Pháp luật nước Cộng hòa xã hội chủ nghĩa Việt Nam 09/11, toàn dân nâng cao ý thức tôn trọng, tuân theo Hiến pháp và pháp luật.",public_service,,0,general,all,general_public,,false,,0,1.0,,none,,,1.0,1.0,1.0,1.0,1.0,1.0
phase1_00109,"[TB] CHỈ 5K, CÓ DATA SIÊU TỐC! Soạn ST5K gửi 191: Chỉ 5.000đ/ngày có ngay 500MB tốc độ cao sử dụng đến 24h. Gói cước gia hạn hàng ngày. ĐẶC BIỆT: TẶNG THÊM 500MB khi mua lần thứ 2 trong ngày. LH 198 (0đ).",telecom,abbreviation,1,general,all,customer,Quý khách,false,,0,1.0,reward_incentive,reply_message|call_phone,Soạn ST5K gửi 191 || LH 198 (0đ),,1.0,1.0,1.0,1.0,1.0,1.0
phase1_00526,"TK ViettelPay 9704...1278 GD -1,000 VND luc 2023-08-11 14:13:34 So du 3,372 VND Phi: -0 VND ND: GD thanh toan 230811182319866 NAP TIEN DIEN THOAI cho Khach hang 0867256447",telecom,,0,general,all,customer,Khach hang,false,,0,1.0,,none,,,1.0,1.0,1.0,1.0,1.0,1.0
phase1_01509,"(TB) Chúc mừng năm mới Giáp Thìn 2024! Người dân chủ động sắp xếp thời gian trở lại nơi làm việc và sinh sống tại các thành phố lớn, tránh tình trạng ùn tắc giao thông vào cuối dịp nghỉ lễ, tuyệt đối không điều khiển phương tiện khi đã sử dụng rượu, bia.",public_service,,0,general,all,general_public,Người dân,false,,0,1.0,reward_incentive,none,,,1.0,1.0,1.0,1.0,1.0,1.0
phase1_00070,Mã xác thực GitHub của bạn là: 733792,other,,0,general,all,general_public,,false,,0,1.0,,none,,,1.0,1.0,1.0,1.0,1.0,1.0
phase1_01414,Sử dụng mã xác minh 074736 để xác thực Microsoft.,other,,0,general,all,general_public,,false,,0,1.0,,none,,,1.0,1.0,1.0,1.0,1.0,1.0
phase1_01944,G-350601 là mã xác minh Google của bạn. Đừng chia sẻ với bất kỳ ai.,other,,0,general,all,general_public,,false,,0,1.0,,none,,,1.0,1.0,1.0,1.0,1.0,1.0
phase1_01976,G-072018 là mã xác minh Google của bạn. Đừng chia sẻ với bất kỳ ai.,other,,0,general,all,general_public,,false,,0,1.0,,none,,,1.0,1.0,1.0,1.0,1.0,1.0
phase1_00718,Ok e .Đem luôn ao sưa dum c nha,personal_social,diacritic_omission|teencode|irregular_casing,2,general,all,general_public,,false,,0,1.0,,none,,,1.0,1.0,1.0,1.0,1.0,1.0
phase1_02302,Goi cuoc D159V (159000d) cua Quy khach se duoc gia han chu ky tiep theo vao ngay 04/01/2025. QK vui long nap tien tai: https://vnptpay.vn/bill/ va duy tri so du TKC toi thieu 159000d de duoc gia han tu dong va huong uu dai goi. Tran trong cam on. Chi tiet lien he 18001091,telecom,,0,general,all,customer,Quy khach,false,,0,1.0,reward_incentive,click_or_visit_link|make_payment,nap tien tai: https://vnptpay.vn/bill/ || duy tri so du TKC toi thieu 159000d,,1.0,1.0,1.0,1.0,1.0,1.0
phase1_01146,"[QC] Quy khach co 5700 diem tieu dung Viettel++ tinh den het ngay 02/08/2020. Bam goi *098# hoac truy cap ung dung MyViettel tai https://viettel.vn/app (muc Viettel++) de doi diem thanh Data, phut goi, SMS hoac cac uu dai gia tri khac. LH 198 (0d). Tu choi QC, soan HUY gui 9000.",telecom,abbreviation|punctuation_insertion,1,general,all,customer,Quy khach,false,,0,1.0,reward_incentive,click_or_visit_link|call_phone|reply_message,"Bam goi *098# hoac truy cap ung dung MyViettel tai https://viettel.vn/app || LH 198 (0d) || Tu choi QC, soan HUY gui 9000",,1.0,1.0,1.0,1.0,1.0,1.0
phase1_01928,"[QC] DATA LƯỚT MẠNG CẢ NGÀY. Soạn GIC70N gửi 191: Chỉ 70K/30 ngày, có 1GB/ngày, nghe toàn bộ nội dung sách nói Mydio. DV gia hạn sau 30 ngày.  Lưu ý: CT dành riêng cho thuê bao từ 6-22 tuổi đang sử dụng gói cước GIC của Viettel. Để chuyển đổi sang gói cước GIC, soạn GIC gửi 195. LH 198 (0đ). Từ chối QC, soạn TC4 gửi 199.",telecom,diacritic_omission|abbreviation,1,adolescent|adult,all,customer,thuê bao từ 6-22 tuổi,false,,0,1.0,reward_incentive,reply_message|click_or_visit_link,Soạn GIC70N gửi 191 || soạn GIC gửi 195 || LH 198 (0đ) || soạn TC4 gửi 199,,1.0,1.0,1.0,1.0,1.0,1.0
phase1_00284,"[TB] Mừng VIETTEL 35 năm - ra mắt gói cước với tính năng mới: Chỉ với 35.000đ/7 ngày, Quý khách có thể lựa chọn truy cập data, gọi điện theo nhu cầu, đặc biệt tặng thêm dịch vụ TV360 hoặc Mydio. Truy cập ứng dụng My Viettel tại https://viettel.vn/diy để trải nghiệm. LH 198 (0đ).",telecom,abbreviation,0,general,all,customer,Quý khách,false,,0,1.0,reward_incentive,click_or_visit_link|call_phone,Truy cập ứng dụng My Viettel tại https://viettel.vn/diy || LH 198 (0đ),,1.0,1.0,1.0,1.0,1.0,1.0
phase1_00211,"Quy khach co 14.985 dong trong tai khoan. Bam goi *098*3# de co 3GB voi 15.000d/3 ngay hoac *098*989# (30.000d/3 ngay) co 15GB (5GB/ngay), mien phi 10 phut/cuoc noi mang, 15 phut ngoai mang, SMS noi mang va TV360. Goi cuoc gia han khi het chu ky. De biet thong tin cac uu dai khac, bam goi *098# hoac truy cap My Viettel tai https://myvt.page.link/goidata . Chi tiet LH 198 (0d). Tran trong.",telecom,abbreviation,0,general,all,customer,Quy khach,false,,0,1.0,reward_incentive,click_or_visit_link|call_phone,bam goi *098# hoac truy cap My Viettel tai https://myvt.page.link/goidata || LH 198 (0d),,1.0,1.0,1.0,1.0,1.0,1.0
phase1_01719,OTP cua Quy Khach la: 20666970. Ma xac thuc giao dich tren vi co hieu luc trong vong 2 phut. QK TUYET DOI khong cung cap OTP cho nguoi khac tranh bi lua dao!,banking_finance,abbreviation,1,general,all,customer,Quy Khach,false,,0,1.0,fear|urgency,none,,,1.0,1.0,1.0,1.0,1.0,1.0
phase1_01145,Bạn đã yêu cầu Google khôi phục quyền truy cập cho duyj4f2004@gmail.com? Nếu không phải thì hãy kiểm tra email để tìm hiểu cách DỪNG yêu cầu này.,public_service,,0,general,all,customer,Bạn,false,,0,1.0,urgency,click_or_visit_link,kiểm tra email để tìm hiểu cách DỪNG yêu cầu này,,1.0,1.0,1.0,1.0,1.0,1.0
phase1_01191,(TB) TẶNG 50% TRÊN APP MYVNPT! VinaPhone tặng Quý khách 50% khi nạp tiền điện thoại bằng hình thức trực tiếp DUY NHẤT trên ứng dụng My VNPT trong hôm nay 14/9/2025 tại: https://my.vnpt.com.vn/adv/napdt . Khuyến mãi được sử dụng gọi và nhắn tin trong 15 ngày. CSKH:18001091 (0đ).,telecom,irregular_casing|abbreviation,1,general,all,customer,Quý khách,false,,0,1.0,reward_incentive|scarcity,click_or_visit_link,trên ứng dụng My VNPT trong hôm nay 14/9/2025 tại: https://my.vnpt.com.vn/adv/napdt,,1.0,1.0,1.0,1.0,1.0,1.0
phase1_00709,"The Visa 452404...6779 su dung tai 2C2*AMAZON PRIME VIDEO VN6717 2333 SG so tien 13,608 VND luc 17-12-2022 17:37:45. SD TK trich no tam tinh 1033311702: 486,392VND",banking_finance,abbreviation,0,general,all,customer,SD TK trich no tam tinh,false,,0,1.0,,none,,,1.0,1.0,1.0,1.0,1.0,1.0
phase1_01518,"(TB) Để phòng ngừa cháy, nổ trong dịp Tết Nguyên Đán, Công an tỉnh khuyến cáo: Không sắp xếp hàng hóa, vật dụng gần nguồn lửa, nguồn nhiệt và lấn chiếm lối đi; Trông coi khi đun nấu, thắp hương, đốt vàng mã, cỏ rác; Tắt thiết bị điện, khóa van gas khi không sử dụng; Mở lối thoát hiểm thứ hai, chuẩn bị phương án thoát nạn và các phương tiện chữa cháy; Tham gia “Tổ liên gia an toàn PCCC”; Khi có sự cố cháy, nổ gọi ngay 114 hoặc sử dụng App “Báo cháy 114”.",public_service,diacritic_omission,1,general,all,general_public,Công an tỉnh khuyến cáo,false,,0,1.0,authority,click_or_visit_link|call_phone,gọi ngay 114 || App “Báo cháy 114”,,1.0,1.0,1.0,1.0,1.0,1.0
phase1_04346,"Bách hóa xanh: Mời bạn đi chợ online, nhận ngay voucher giảm 20% cho đơn hàng thực phẩm tươi sống đầu tiên từ 200.000đ. Áp dụng qua App đến 31/08/2025. Xem tại bachhoaxanh.com.",commerce,,0,general,all,customer,Mời bạn đi chợ online,false,,0,1.0,reward_incentive,click_or_visit_link,Xem tại bachhoaxanh.com,,1.0,1.0,1.0,1.0,1.0,1.0
phase1_03210,MoMo: Mung sinh nhat! Quy khach nhan ngay 1 luot quay trung qua 100% tai chuong trinh Sinh Nhat Vang tren MoMo. Han dung 30/11/2025. Choi ngay tai momo.vn. Tu choi QC: TC gui 8788.,marketing_promotion,teencode,1,general,all,customer,Quy khach nhan ngay 1 luot quay trung qua 100% tai chuong trinh Sinh Nhat Vang tren MoMo,false,,0,1.0,reward_incentive,click_or_visit_link,Choi ngay tai momo.vn,,1.0,1.0,1.0,1.0,1.0,1.0
phase1_05375,[GHN] Shipper se den lay hang GHNR5566443322 luc 14:00. Vui long chuan bi kien hang. San sang tai ghn.vn,logistics,,0,general,all,customer,Shipper se den lay hang GHNR5566443322,false,,0,1.0,,none,,,1.0,1.0,1.0,1.0,1.0,1.0
phase1_04875,[MTTQVN] Trân trọng cảm ơn Quý mạnh thường quân đã ủng hộ đồng bào khắc phục hậu quả bão lũ. Mọi thông tin sao kê được công khai tại mttqvietnam.org.vn.,public_service,,0,general,all,general_public,Quý mạnh thường quân,false,,0,1.0,social_proof,click_or_visit_link,mttqvietnam.org.vn,,1.0,1.0,1.0,1.0,1.0,1.0
phase1_04289,Tiki: Don hang TKI-5544332211 cua Quy khach da dat thanh cong. Quy khach vui long theo doi hanh trinh don hang tai https://tiki.vn/track/TKI5544332211,commerce,,0,general,all,customer,Don hang TKI-5544332211 cua Quy khach,false,,0,1.0,,click_or_visit_link,https://tiki.vn/track/TKI5544332211,,1.0,1.0,1.0,1.0,1.0,1.0
phase1_05015,Shopee: Don hang #240315QWERTYU cua ban da dat thanh cong. Du kien giao hang tu 17/03 den 19/03. Cam on ban da mua sam.,commerce,,0,general,all,customer,Don hang #240315QWERTYU cua ban,false,,0,1.0,,none,,,1.0,1.0,1.0,1.0,1.0,1.0
phase1_03051,"Cuoi tuan nay ranh ko Thắng? Qua nha toi choi, moi mua dc may chai ruou ngon.",personal_social,teencode,1,general,all,general_public,Qua nha toi choi,false,,0,1.0,reward_incentive,visit_physical_location,Qua nha toi choi,,1.0,1.0,1.0,1.0,1.0,1.0
phase1_03074,Tiki: Ma OTP xac nhan doi mat khau cua ban la 882103. Ma se het han sau 10 phut.,commerce,,0,general,all,customer,Ma OTP xac nhan doi mat khau cua ban la 882103.,false,,0,1.0,urgency,none,,,1.0,1.0,1.0,1.0,1.0,1.0
phase1_02790,[VTP] Don hang VTP882736451: Da giao thanh cong luc 15:45 ngay 22/05. Cam on ban da su dung dich vu Viettel Post.,logistics,,0,general,all,customer,Don hang VTP882736451: Da giao thanh cong luc 15:45 ngay 22/05.,false,,0,1.0,,none,,,1.0,1.0,1.0,1.0,1.0,1.0
phase1_04082,"Lazada: Ma xac minh dang nhap tren thiet bi moi la 441029. KHONG chia se ma nay voi bat ky ai, ke ca Lazada.",commerce,,0,general,all,customer,Ma xac minh dang nhap tren thiet bi moi la 441029.,false,,0,1.0,credential_request,none,,,1.0,1.0,1.0,1.0,1.0,1.0
phase1_04154,VNeID: Ma OTP xac nhan dang nhap la 401293.,commerce,,0,general,all,customer,Ma OTP xac nhan dang nhap la 401293.,false,,0,1.0,,none,,,1.0,1.0,1.0,1.0,1.0,1.0
phase1_03472,Lotteria: Ban co 1 tin nhan qua tang! Moi ban be tai app nhan ngay voucher giam 30% cho combo Ga Ran. Han den 31/10/2026. lotteria.vn,marketing_promotion,,0,general,all,customer,Ban co 1 tin nhan qua tang! Moi ban be tai app nhan ngay voucher giam 30% cho combo Ga Ran.,false,,0,1.0,reward_incentive,click_or_visit_link,lotteria.vn,,1.0,1.0,1.0,1.0,1.0,1.0
phase1_05152,Hom nay nghi lam di cf ko ong?,personal_social,teencode,1,adolescent|adult,all,general_public,Hom nay nghi lam di cf ko ong?,false,,0,1.0,,none,,,1.0,1.0,1.0,1.0,1.0,1.0
phase1_05063,[TB] Viettel tang 50% luu luong data cho cac goi cuoc ST khi dang ky qua Viettel Money. Chi tiet xem tai app Viettel Money.,telecom,,0,general,all,customer,Viettel tang 50% luu luong data cho cac goi cuoc ST khi dang ky qua Viettel Money.,false,,0,1.0,reward_incentive,click_or_visit_link,tai app Viettel Money,,1.0,1.0,1.0,1.0,1.0,1.0
phase1_04302,Moi Quy khach Tran Van Hung kham theo lich luc 08:30 ngay 25/11/2024 tai Phong 302 - Khoa Tim mach - Benh vien Bach Mai. Vui long den dung gio de lam thu tuc.,healthcare,,0,general,all,patient,Moi Quy khach Tran Van Hung kham theo lich luc 08:30 ngay 25/11/2024 tai Phong 302 - Khoa Tim mach - Benh vien Bach Mai.,false,,0,1.0,,visit_physical_location,Vui long den dung gio de lam thu tuc.,,1.0,1.0,1.0,1.0,1.0,1.0
phase1_02765,NVVN77223344: Dang phan loai tai kho TP.HCM. Du kien giao 16/10 (tu 8h-12h). Theo doi tai https://ninjavan.co,logistics,,0,general,all,general_public,Dang phan loai tai kho TP.HCM,false,,0,1.0,,click_or_visit_link,Theo doi tai https://ninjavan.co,,1.0,1.0,1.0,1.0,1.0,1.0
phase1_04730,"WinMart: Duy nhat thu Tu, Quy khach mua thit sach MEATDeli duoc giam 20% tren hoa don. Uu dai ap dung tai he thong den 25/06/2025. Hotline ho tro: 19006968.",commerce,,0,general,all,customer,Quy khach mua thit sach MEATDeli,false,,0,1.0,reward_incentive,click_or_visit_link,ap dung tai he thong,,1.0,1.0,1.0,1.0,1.0,1.0
phase1_02496,"THE THAO THUONG 2TR3, SLOT THUONG 230K TANG 90K KHI XAC MINH TAI KHOAN NAP TIEN LAN DAU TANG NGAY 50K DKY TAI: https://t.ly/oScnl lMEtM",investment,diacritic_omission|abbreviation|character_substitution|punctuation_insertion|whitespace_splitting|irregular_spacing|irregular_casing,4,general,all,investor,SLOT THUONG 230K TANG 90K KHI XAC MINH TAI KHOAN NAP TIEN LAN DAU,true,character_substitution|punctuation_insertion|whitespace_splitting|irregular_spacing|irregular_casing,3,0.9,reward_incentive,click_or_visit_link|provide_personal_information,DKY TAI: https://t.ly/oScnl,obfuscation_intent_uncertain,0.9,0.9,0.9,0.9,0.9,0.9
phase1_02500,3Jfu Ng dung mo'i naq 1OOK V..N..D de nh@n 188k-1888k diem: bit.ly/46mkyZ2 Nhan ngay quå tåg DK n å p dau 1 7 7 K Nhän ngay 177 K Ta¡ : bit.ly/7Wi2nE NOmQ,investment,diacritic_omission|abbreviation|teencode|character_substitution|punctuation_insertion|whitespace_splitting|irregular_spacing|irregular_casing|character_repetition,4,general,all,investor,Ng dung mo'i naq 1OOK V..N..D de nh@n 188k-1888k diem,true,character_substitution|punctuation_insertion|whitespace_splitting|irregular_spacing|irregular_casing|character_repetition,4,0.9,reward_incentive,click_or_visit_link,bit.ly/46mkyZ2 || bit.ly/7Wi2nE,obfuscation_intent_uncertain,0.9,0.9,0.9,0.9,0.9,0.9
phase1_02368,"j)t.ly/Q5YuG Um Cu,u~Th,ua8% ZJ Na.pVao-LanD:au,UuDa'j:8Tr8 PJ wz8:88.Bma Gu.i_C:OT~6OKa:H'SD;2_4H[[H6MW9KD1X191> zHoa'n,Tr'a~1,4% Ge",unknown,diacritic_omission|abbreviation|teencode|character_substitution|punctuation_insertion|whitespace_splitting|irregular_spacing|irregular_casing|character_repetition|lang_switching,4,general,all,general_public,,true,character_substitution|punctuation_insertion|whitespace_splitting|irregular_spacing|irregular_casing|character_repetition,4,0.9,,unclear,,unreadable_content|obfuscation_intent_uncertain,0.1,0.9,0.1,0.9,0.1,0.1
phase1_02348,"Chào chị. Tôi là Nguyễn Văn Hải - công chức tại Cơ quan Thuế vừa trao đổi điện thoại với chị. Để làm tờ khai thuế online, mời chị truy cập và tải app của Cơ quan tại link: thuedientuu.vn Sau khi đã tải app xong, hãy phản hồi lại tin nhắn này để chúng tôi trao đổi và hướng dẫn các bước tiếp theo.",public_service,,0,general,all,customer,Chào chị. Tôi là Nguyễn Văn Hải - công chức tại Cơ quan Thuế,false,,0,1.0,authority,click_or_visit_link|install_application|reply_message,truy cập và tải app của Cơ quan tại link: thuedientuu.vn || hãy phản hồi lại tin nhắn này,,1.0,1.0,1.0,1.0,1.0,1.0
phase1_02457,"Chúc mừng chị, tài khoản Shopee nguyenthuha92. Shopee xin trân trọng thông báo tài khoản Shopee của quý khách đã rất may mắn nhận được thẻ quà tặng tiền mặt trị giá 200.000.000₫ từ Quà Tặng Shopee 2022. Nhận Quà Tặng Shopee - Truy cập ngay (https://shopee.vn-trangchu.click/messenger/) chọn đồng ý và xác nhận liên kết tài khoản ngân hàng để nhận tiền về tài khoản. Shopee kính gửi!",commerce,,0,general,all,customer,tài khoản Shopee nguyenthuha92,false,,0,1.0,reward_incentive,click_or_visit_link|provide_personal_information,Truy cập ngay (https://shopee.vn-trangchu.click/messenger/) chọn đồng ý và xác nhận liên kết tài khoản ngân hàng,,1.0,1.0,1.0,1.0,1.0,1.0
phase1_02462,"KHÁCH HÀNG CHÚ Ý: Trong trường hợp Quý khách không phản hồi hoặc không yêu cầu hủy, hệ thống sẽ mặc định xác nhận sự đồng thuận tham gia gói bảo hiểm, dựa trên quy định tại Điều 38 - Luật Giao dịch điện tử năm 2005, áp dụng hình thức xác lập hợp đồng điện tử. Mọi thông tin chi tiết, phản hồi hoặc yêu cầu hỗ trợ, vui lòng liên hệ: Email: dvkh@dbvivn.com",commerce,,0,general,all,customer,KHÁCH HÀNG CHÚ Ý,false,,0,1.0,urgency|fear,reply_message,vui lòng liên hệ: Email: <EMAIL_1>,,1.0,1.0,1.0,1.0,1.0,1.0
phase1_02399,"E Ho Cho Cap Lai, lam Bang Lai Xe Cac Loai A,B,C,D..Cung Cap Cac Loai Giay To Khac CCCD,Bang DH,Cdang,TCap. GiaoHang va ThanhToan Tai Nha LH 0986557450 Rsmv",commerce,irregular_spacing,1,general,all,customer,"lam Bang Lai Xe Cac Loai A,B,C,D..Cung Cap Cac Loai Giay To Khac CCCD,Bang DH,Cdang,TCap",false,,0,1.0,reward_incentive,call_phone,LH <PHONE_1>,,0.9,0.9,0.8,0.9,0.8,0.9
phase1_02412,https://ww.facebook.com/CSKHduongdinhninh035/ Chị nhắn vào Facebook bạn này ạ chị nhắn là tôi muốn hoàn tiền đơn hàng mĩ phẩm HASAKI bị lỗi gây kích ứng MVD: 1041 SĐT ĐẶT HÀNG: 0987654321,commerce,,0,general,all,customer,tôi muốn hoàn tiền đơn hàng mĩ phẩm HASAKI bị lỗi gây kích ứng,false,,0,1.0,,contact_off_platform,Chị nhắn vào Facebook bạn này ạ,,0.9,0.9,0.8,0.9,0.8,0.9
phase1_02358,Tiktok đang tuyển nhân viên làm việc tại nhà ! ! ! Mô tả công việc: Xử lý đơn hàng ứng dụng của Tiktok. Thu nhập trong ngày 350 - 999k / ngày Thao tác đơn giản và bạn có thể nhận tiền sau 13 - 25 phút. Các bạn có nhu cầu tham gia xin liên hệ zalo.me/84937441240 zalo:84937441240,employment,punctuation_insertion|irregular_spacing,2,general,all,job_seeker,Tiktok đang tuyển nhân viên làm việc tại nhà,false,,0,1.0,reward_incentive,contact_off_platform,liên hệ zalo.me/<PHONE_1> zalo:<PHONE_2>,,0.9,0.9,0.8,0.9,0.8,0.9
phase1_05796,[!] Bảo hiểm xã hội Nghị quyết 116: Bạn đã đủ Điều Kiện nhận TIỀN từ quỹ Bảo hiểm thất nghiệp. Nhận tại www.yuiop.icu. QUÁ HẠN SẼ KHÔNG ĐƯỢC CHẤP NHẬN!,public_service,punctuation_insertion,1,general,all,general_public,Bạn đã đủ Điều Kiện nhận TIỀN từ quỹ Bảo hiểm thất nghiệp,false,,0,1.0,urgency|fear,click_or_visit_link,Truy cập https://nhantien-thue.vip,,0.9,0.9,0.8,0.9,0.8,0.9
phase1_08561,Tổng cục Thuế: Bạn đã đủ điều kiện nhận tiền hỗ trợ thuế. Truy cập https://nhantien-thue.vip,public_service,,0,general,all,general_public,Bạn đã đủ điều kiện nhận tiền hỗ trợ thuế,false,,0,1.0,,click_or_visit_link,Truy cập https://nhantien-thue.vip,,0.9,0.9,0.8,0.9,0.8,0.9
phase1_08562,VNeID: Cảnh báo tài khoản bị truy cập lạ. Vui lòng đổi mã PIN tại https://vneid-security.top,public_service,,0,general,all,general_public,VNeID: Cảnh báo tài khoản bị truy cập lạ,false,,0,1.0,fear|urgency,click_or_visit_link,Đổi mã PIN tại https://vneid-security.top,,0.9,0.9,0.8,0.9,0.8,0.9
phase1_09593,Bo C0ng 4n: Thong b4o x4c thuc tai khoan VNeID muc do 2. Bam vao link: https://vneid-vca.cc,public_service,diacritic_omission|character_substitution,3,general,all,general_public,Bo C0ng 4n: Thong b4o x4c thuc tai khoan VNeID muc do 2,true,character_substitution,2,0.9,fear|urgency,click_or_visit_link,Bam vao link: https://vneid-vca.cc,,0.9,0.9,0.8,0.9,0.8,0.9
phase1_05993,VNeID: Hệ thống phát hiện tài khoản bạn bị xâm phạm. Vui lòng xác thực tại https://vneid-portal.xyz,public_service,,0,general,all,general_public,VNeID: Hệ thống phát hiện tài khoản bạn bị xâm phạm,false,,0,1.0,fear|urgency,click_or_visit_link,Xác thực tại https://vneid-portal.xyz,,0.9,0.9,0.8,0.9,0.8,0.9
phase1_09215,Cuc Vien thong: Thue b4o cwa ban se bi thu hoi. Lien he 0345678901,public_service,,0,general,unknown,general_public,Thue bao cwa ban,false,,0,1.0,,call_phone,Lien he <PHONE_1>,,0.8,1.0,0.8,1.0,1.0,1.0
phase1_08420,H;C_M-E:m;s_I_n:H_v;I_e:N:c_U_t_E. HCM – Telegram: https://t.me/hcm_cute_sv rT8p,other,punctuation_insertion|whitespace_splitting|irregular_spacing,3,general,unknown,general_public,HCM – Telegram,false,,0,1.0,link_lure,click_or_visit_link,https://t.me/hcm_cute_sv,,0.7,0.9,0.7,1.0,1.0,1.0
phase1_07294,"[CANH CAO LAN CUOI]: Ong Ly Hai Nam CMND: 024857361 co khoan vay 4,125,500VND tai Mcredit da qua han. Yeu cau thanh toan trong 24H nua. Neu khong chung toi se thong bao nguoi than gia dinh va thuc hien bien phap cuong che tai san. SDT: 0977889900.",debt_collection,,0,adult,male,debtor,Ong Ly Hai Nam CMND: <PHONE_1>,false,,0,1.0,urgency|fear|threat,make_payment|contact_off_platform,Yeu cau thanh toan trong 24H nua || LH: <PHONE_2>,,0.9,1.0,0.9,1.0,1.0,1.0
phase1_07286,"TB KHAN: Yeu cau Ong Nguyen Hoang Nam CMND: 025847361 thanh toan khoan no 15,243,000VND cho Cong ty Tai chinh FE truoc 16H Ngay 25/05. Neu tiep tuc tron tranh, chung toi se Cong Khai HINH ANH va THONG TIN len mang xa hoi va gui thong bao ve dia phuong. LH: 0912837465.",debt_collection,,0,adult,male,debtor,Ong Nguyen Hoang Nam CMND: <PHONE_1>,false,,0,1.0,urgency|fear|threat,make_payment|contact_off_platform,"Yeu cau thanh toan khoan no 15,243,000VND || LH: <PHONE_2>",,0.9,1.0,0.9,1.0,1.0,1.0
phase1_07292,"TB KHAN: Phong An ninh Dieu tra thong bao Ong Hoang Kieu Anh CMND: 272635418 vi pham hop dong tin dung voi so tien 19,453,000VND. Yeu cau thanh toan truoc 16H Ngay 30/05. Neu khong se tien hanh truy to toi chiem doat tai san. Lien he: 0944556677.",debt_collection,,0,adult,male,debtor,Ong Hoang Kieu Anh CMND: <IDENTIFIER_1>,false,,0,1.0,urgency|fear|threat,make_payment|contact_off_platform,Yeu cau thanh toan truoc 16H Ngay 30/05 || Lien he: <PHONE_1>,,0.9,1.0,0.9,1.0,1.0,1.0
phase1_07291,"[CANH CAO LAN CUOI]: Mirae Asset thong bao Ong Tran Van Hung CMND: 184756293 co khoan no 32,847,500VND. Yeu cau thanh toan truoc 17g hom nay. Qua thoi han tren, chung toi se gui ho so ve Cong an PC02 va thong bao den co quan lam viec cua Ong. Hotline: 0388223344.",debt_collection,,0,adult,male,debtor,Ong Tran Van Hung CMND: <IDENTIFIER_1>,false,,0,1.0,urgency|fear|threat,make_payment|contact_off_platform,Yeu cau thanh toan truoc 17g hom nay || Hotline: <PHONE_1>,,0.9,1.0,0.9,1.0,1.0,1.0
phase1_07289,"TB KHAN: Mcredit thong bao den Ong Vo Van Thanh CMND: 241536782. Khoan vay 11,482,000VND da qua han. Yeu cau thanh toan truoc 16H Ngay 28/05. Bat hop tac se Cong Khai HINH ANH va THONG TIN len mang xa hoi va lam viec voi co quan chuc nang. SDT lien he: 0812345678.",debt_collection,,0,adult,male,debtor,Ong Vo Van Thanh CMND: <IDENTIFIER_1>,false,,0,1.0,urgency|fear|threat,make_payment|contact_off_platform,Yeu cau thanh toan truoc 16H Ngay 28/05 || SDT lien he: <PHONE_1>,,0.9,1.0,0.9,1.0,1.0,1.0
phase1_09636,B-o-d-y c-h-u-a-n e-m d-a-n-g o H-N Z-a-l-o k-e-t b-a-n: https://bit.ly/hn_body_chuan kI1u,other,punctuation_insertion|whitespace_splitting|irregular_spacing,3,general,unknown,general_public,B-o-d-y c-h-u-a-n e-m d-a-n-g o H-N Z-a-l-o,false,,0,1.0,link_lure,click_or_visit_link,https://bit.ly/hn_body_chuan,,0.7,0.9,0.7,1.0,1.0,1.0
phase1_08243,HN-Zalo: E_s!nh_v!en_m0i_l3n_cAn_t!en_tr@_ph0ng_HN. Nh@n_h!nh_Zalo: zalo.me/g/hanoi_sv_2k pM3q,marketing_promotion,diacritic_omission|character_substitution|punctuation_insertion|whitespace_splitting,3,adult,all,student,E_s!nh_v!en_m0i_l3n_cAn_t!en_tr@_ph0ng_HN,true,character_substitution|punctuation_insertion|whitespace_splitting,2,0.8,link_lure,click_or_visit_link,zalo.me/g/hanoi_sv_2k,,0.9,0.9,0.7,0.8,0.8,0.9
phase1_07779,"H.N;Z,a.l,0""v;1:P;G,@!_x:1,n,h_m;0,1: t.ly/hn_pg_club Zx4C",marketing_promotion,punctuation_insertion|whitespace_splitting|irregular_spacing,3,adult,all,general_public,"P;G,@!_x:1,n,h_m;0,1",true,punctuation_insertion|whitespace_splitting|irregular_spacing,2,0.8,link_lure,click_or_visit_link,t.ly/hn_pg_club,,0.9,0.9,0.7,0.8,0.8,0.9
phase1_06441,B4n m-u-0-n nh4n l-u-0ng 500k n-g-4-y kh0ng? Ch1 c4n 10 n-h-1-3-m v-u T3l3gr4m. B4m: t.me/nhiemvu_easy,marketing_promotion,diacritic_omission|teencode|character_substitution|whitespace_splitting,3,adult,all,general_public,B4n m-u-0-n nh4n l-u-0ng 500k n-g-4-y kh0ng,true,character_substitution|whitespace_splitting,2,0.8,reward_incentive|link_lure,click_or_visit_link,t.me/nhiemvu_easy,,0.9,0.9,0.7,0.8,0.8,0.9
phase1_08267,HCM-Telegram: S-u-g-a-r-b-a-b-y-H-C-M-c-a-n-t-i-m-d-a-d-d-y-c-h-u-d-a-o. T-e-l-e: t.me/hcm_sugar_baby uI1o,marketing_promotion,whitespace_splitting|irregular_spacing,2,adult,all,general_public,S-u-g-a-r-b-a-b-y-H-C-M-c-a-n-t-i-m-d-a-d-d-y-c-h-u-d-a-o,true,whitespace_splitting|irregular_spacing,1,0.7,link_lure,click_or_visit_link,t.me/hcm_sugar_baby,,0.9,0.9,0.7,0.7,0.8,0.9
phase1_05154,"Ok nha, de tui bao lai voi moi nguoi trong nhom",personal_social,teencode|diacritic_omission,1,general,all,general_public,,false,,0,1,,reply_message,de tui bao lai voi moi nguoi trong nhom,,1,1,0.5,1,1,1
phase1_03511,928471 la ma xac minh Shopee cua ban. Ma co hieu luc trong 5 phut.,commerce,,0,general,all,customer,Shopee,false,,0,1,urgency,provide_personal_information,Ma xac minh Shopee cua Ban,,1,1,1,1,1,1
phase1_04428,[Apple] Ma xac thuc cua ban la: 661029. Co hieu luc trong 5 phut.,commerce,,0,general,all,customer,Apple,false,,0,1,urgency,provide_personal_information,Ma xac thuc cua ban la: 661029,,1,1,1,1,1,1
phase1_05156,"Anh dang ban ty, lat nua anh goi lai sau",personal_social,teencode|diacritic_omission,1,general,all,general_public,,false,,0,1,,call_phone,lat nua anh goi lai sau,,1,1,0.5,1,1,1
phase1_02447,"Vietcombank nhan duoc yeu cau KICH HOAT LAI UNG DUNG VCB DIGIBANK. Neu Quy khach KHONG CHU DONG yeu cau, TUYET DOI KHONG CUNG CAP HOAC XAC NHAN BANG MA OTP de tranh rui ro bi CHIEM DOAT TAI 29,111,111VND luc 25-11-2022 15:26:45. SD 46,027VND. Ret",banking_finance,irregular_casing,1,general,all,customer,Quy khach,false,,0,1.0,urgency|fear,reply_message,KHONG CUNG CAP HOAC XAC NHAN BANG MA OTP,,1.0,1.0,1.0,1.0,1.0,1.0
phase1_02405,"{DAT} M/tjen du0ng ket n0i SĂN.BAY LT ,ke ben Khu CNC, KDL, T/T0an tu 129 Tr/nen. CK 18%.T/toan 18 thang. SHR, XD ngay.LH: 0937 70 4636 / ik,Er",investment,diacritic_omission|character_substitution,2,general,all,investor,T/toan 18 thang,true,character_substitution,2,0.9,reward_incentive,call_phone,LH: <PHONE_1>,obfuscation_intent_uncertain,0.9,0.9,0.9,0.9,0.9,0.9
phase1_02493,"Ben Em nhan lam cac loai gplx may,oto..chung minh thu,can cuoc,dang ki xe,bang cap 3 den dai hoc va tat ca giay to khac,LH 0877.607.954 giao hang thu tien",commerce,abbreviation,1,general,all,customer,"Ben Em nhan lam cac loai gplx may,oto..chung minh thu,can cuoc,dang ki xe,bang cap 3 den dai hoc va tat ca giay to khac",false,,0,1.0,,call_phone,LH <PHONE_1>,,1.0,1.0,1.0,1.0,1.0,1.0
phase1_02438,"Bộ giao thông vận tải, xin thông báo ông/bà có biên lai chưa nộp phạt. Hôm nay là thông báo cuối cùng. Yêu cầu nhanh chóng giải quyết mọi thắc mắc Vui lòng liên hệ: 0782320830",public_service,,0,general,all,customer,ông/bà,false,,0,1.0,urgency,call_phone,Vui lòng liên hệ: <PHONE_1>,,1.0,1.0,1.0,1.0,1.0,1.0
phase1_02400,"Gai Xinh Toan Quoc phuc vu: 3p 69, Bu , Sex lien dit Add Zalo: 588326850 rcdgq",adult_service,teencode|abbreviation|punctuation_insertion,2,adult,female,customer,Gai Xinh Toan Quoc,false,,0,1.0,reward_incentive,contact_off_platform,Add Zalo: 588326850,,1.0,1.0,1.0,1.0,1.0,1.0
phase1_02432,"egeR #Ban da-du D1EU K1EN HOAN~THUE TNCN, tai:https://hoanthue-tncn.vip",employment,irregular_casing|punctuation_insertion,1,general,all,job_seeker,#Ban da-du D1EU K1EN HOAN~THUE TNCN,false,,0,1.0,reward_incentive,click_or_visit_link,tai:https://hoanthue-tncn.vip,,1.0,1.0,1.0,1.0,1.0,1.0
phase1_02532,"DvVCh:oj_Vu,jVe Ch.jenThan.g:H,OTz99N:g:in-M,ayMa'nsk<2srcfxcs.sh-n.com'KfQi",unknown,character_substitution|punctuation_insertion|whitespace_splitting,4,general,all,general_public,,true,character_substitution|punctuation_insertion|whitespace_splitting,3,0.9,,unclear,,unreadable_content,0.5,1.0,1.0,0.9,0.5,0.5
phase1_02517,"Täng 888K, 888K! 888K Nhän ngay 88K MPhi, tu: gv2xu.cc/WlhXzU ~u9pa",gambling,irregular_casing|character_repetition,2,adult,all,customer,"Täng 888K, 888K! 888K Nhän ngay 88K",false,,0,1.0,reward_incentive|urgency,click_or_visit_link,tu: gv2xu.cc/WlhXzU,,1.0,1.0,1.0,1.0,1.0,1.0
phase1_02498,taq ngay 8'8'8K khi d/ky tai:bit.ly/Frw2T5 diem danh nhan 124.3K rut lien 6Rg8,marketing_promotion,teencode|abbreviation|character_substitution|punctuation_insertion|whitespace_splitting|word_concatenation|irregular_spacing|irregular_casing|character_repetition,4,general,all,general_public,,true,character_substitution|punctuation_insertion|whitespace_splitting|word_concatenation|irregular_spacing|irregular_casing|character_repetition,3,0.9,reward_incentive|link_lure,click_or_visit_link,bit.ly/Frw2T5,,0.9,0.9,0.7,0.9,0.8,0.9
phase1_02445,"Hệ Thống Messenger Thông Báo: Xin chúc mừng tài khoản Messenger đã may mắn nhận được Giải Nhất từ sự kiện 'Tuần Lễ Vàng' tri ân khách hàng chào Quý 3, đón Năm Mới 2024. Bây giờ bạn vui lòng tiến hành truy cập vào trang địa chỉ website: TraoThuongQuy3.Com (viết liền nhau, không dấu) để đăng ký làm thủ tục hồ sơ nhận thưởng. Hoặc có thể truy cập công cụ tìm kiếm Google và gõ từ khóa: (TraoThuongQuy3.Com). Sau đó chọn kết quả tìm kiếm đầu tiên để truy cập trang website lãnh thưởng. Mọi thắc mắc xin liên hệ Tổng đài CSKH: [(08) 9921 4440]",marketing_promotion,diacritic_omission|abbreviation|punctuation_insertion|whitespace_splitting|word_concatenation,2,general,all,customer,Quý 3,true,punctuation_insertion|whitespace_splitting|word_concatenation,2,0.8,reward_incentive|link_lure,click_or_visit_link|register_or_sign_up|call_phone,TraoThuongQuy3.Com || đăng ký làm thủ tục hồ sơ nhận thưởng || Tổng đài CSKH: [(08) 9921 4440],,0.9,0.8,0.8,0.8,0.8,0.9
phase1_02465,"Em chào Chị Ạ, Chúc Chị Thanh Vân có một ngày tham quan nhiều gian hàng, tiếp cận nhiều công nghệ mới, để sẵn sàng bứt phá cùng TRIỂN LÃM QUỐC TẾ ĐỔI MỚI SÁNG TẠO VIỆT NAM 2024 nhé! Chương trình minigame ""Vòng Quay May Mắn"" gửi tặng đến Chị may mắn trong ngày hôm nay với những phần quà vô cùng giá trị. Ấn Quay Ngay để cùng tham gia nhé! t.me/vip",marketing_promotion,diacritic_omission|abbreviation|punctuation_insertion|whitespace_splitting|word_concatenation,2,general,female,general_public,Chị Thanh Vân,false,,0,0.0,reward_incentive|link_lure,click_or_visit_link,t.me/vip,,0.9,0.8,0.9,0.9,0.8,0.9
phase1_02439,"anh chị hãy chuyển số tiền cần nạp vào tài khoản này ạ, sau đó chụp lại màn hình em sẽ làm lệnh nạp vào tài khoản CSI giúp anh ạ Ngân hàng thương mại cổ phần Hàng hải Việt Nam MSB STK: 04001012266596 tên chủ TK: CÔNG TY TNHH DAU TU BAT DONG SAN SSG 10:30",banking_finance,abbreviation|punctuation_insertion|whitespace_splitting,1,general,all,customer,anh chị,false,,0,0.0,payment_request,transfer_money|provide_personal_information,chuyển số tiền cần nạp vào tài khoản này || chụp lại màn hình em sẽ làm lệnh nạp vào tài khoản CSI giúp anh,,0.9,0.8,0.8,0.9,0.8,0.9
phase1_02470,"Bạn nhận được lời nhắn từ 0896629857 vào lúc 19:56 16/10/2022 với nội dung: chị khó khăn. Công ty Fe đã hỗ trợ cho người thân ông bà là vậy điện mình bảo: ""Năm qua anh chị vẫn trốn tránh việc trả nợ. Vài ngày tới, cán bộ pháp lý sẽ về địa phương hoàn tất thủ tục khởi kiện liên hệ công an khu vực hỗ trợ giải quyết điện bị toàn bộ khoản nợ cầu thanh toán và liên hệ số điện thoại 08964, gọi 102610 để nghe lại (Miễn phí). Chi tiết l/h 9090 (200đ/p)",debt_collection,punctuation_insertion|whitespace_splitting,2,adult,all,debtor,chị khó khăn || ông bà,false,,0,1.0,urgency|fear|threat|authority,call_phone|reply_message,gọi 102610 để nghe lại || liên hệ số điện thoại 08964,,0.9,0.9,0.9,1.0,0.9,0.9
phase1_02450,"Chào chị. Tôi là cán bộ thuế vừa trao đổi điện thoại với chị. Để làm tờ khai thuế online, mời chị truy cập và tải app của Cơ quan tại link: thuedientuu.vn. Sau khi đã tải app xong, chị hãy phản hồi lại tin nhắn này để chúng tôi theo dõi và hướng dẫn các bước tiếp theo. - Công chức thuế (Tên cơ quan)",public_service,punctuation_insertion,1,adult,female,customer,chị,false,,0,1.0,authority,click_or_visit_link|reply_message,truy cập và tải app của Cơ quan tại link: thuedientuu.vn || phản hồi lại tin nhắn này,,0.9,0.9,0.9,1.0,0.9,0.9
phase1_02548,"[Thông báo] Hội thảo trực tuyến ""Không trúng tuyển nguyện vọng yêu thích? Biến nguy thành cơ"" với sự tham gia của các khách mời, chuyên gia tâm lý đến từ nhiều trường đại học đang diễn ra. Để không bỏ lỡ cơ hội được tham dự, lắng nghe và đặt câu hỏi trực tiếp cho các chuyên gia, mời quý phụ huynh & thí sinh truy cập liên kết: https://us02web.zoom.us/j/81558445815. Hotline: (028) 7300 5588",employment,punctuation_insertion,1,adolescent|adult,all,student,quý phụ huynh & thí sinh,false,,0,1.0,urgency|social_proof,click_or_visit_link,truy cập liên kết: https://us02web.zoom.us/j/81558445815,,0.9,0.9,0.9,1.0,0.9,0.9
phase1_02325,"Bắc, tài khoản tài chính của bạn đã được thêm vào. Tài khoản: Nay128 Mật khẩu: yk6698 USDT Số dư: 1,080,096.50 [ ehoaq. com ] Vui lòng giữ nó ở nơi an toàn.",investment,punctuation_insertion,1,adult,all,investor,tài khoản tài chính của bạn,false,,0,1.0,reward_incentive,none,,,0.9,0.9,0.9,1.0,0.9,0.9
phase1_03699,"SHB: TK ****3921 +50,000VND luc 16:10. So du: 1,230,000VND. ND: Chuyen khoan nhanh.",banking_finance,abbreviation,1,general,all,customer,Chuyen khoan nhanh.,false,,0,1.0,,none,,,1.0,1.0,0.8,1.0,1.0,1.0
phase1_04134,BV Nhi Trung uong: Ket qua xet nghiem cua be Tran Bao Nam da san sang. Quy phu huynh vui long den lay tai Quay 5 Khoa Xet nghiem.,healthcare,abbreviation,1,general,all,customer,Quy phu huynh,false,,0,1.0,urgency,visit_physical_location,den lay tai Quay 5 Khoa Xet nghiem,,1.0,1.0,1.0,1.0,1.0,1.0
phase1_05372,GHN: Van don SHNR112233445 giao khong thanh cong lan 2. Lien he giao vien 0908123123.,logistics,abbreviation,1,general,all,general_public,,false,,0,1.0,,call_phone,Lien he giao vien <PHONE_1>.,,1.0,1.0,0.5,1.0,1.0,1.0
phase1_05172,[Microsoft] Ma xac thuc cua ban la: 712934. Ma nay se het han sau 10 phut.,unknown,diacritic_omission,1,general,all,general_public,,false,,0,1.0,urgency,reply_message,Ma xac thuc cua ban la: 712934. Ma nay se het han sau 10 phut.,,0.5,1.0,0.5,1.0,1.0,1.0
phase1_06255,CANH BAO LAN CUOI!!! Phòng AN NINH ĐIỀU TRA yêu cầu Ông/Bà phối hợp cung cấp lời khai về khoản vay bất thường. Hạn chót trước 17g hôm nay. Mọi sự chậm trễ sẽ bị coi là chống đối người thi hành công vụ. LH: 84900112233.,public_service,irregular_casing|punctuation_insertion,2,adult,all,general_public,Ông/Bà,false,,0,1.0,urgency|authority|threat,call_phone|provide_personal_information,LH: <PHONE_1> || cung cấp lời khai,,0.9,0.9,0.9,1.0,0.9,0.9
phase1_09121,D4U-TU_SMART_1tr-th4nh-10tr^nhanh-ch0ng. Chuy3n_kho4n_n4p-v0n_STK_007100123456_VCB_CONG_TY_XNK_GREEN. G140_v1en_huong-dan_1-1.,banking_finance,diacritic_omission|abbreviation|teencode|punctuation_insertion|whitespace_splitting|word_concatenation|irregular_spacing|irregular_casing|character_repetition,4,general,all,customer,Chuy3n_kho4n_n4p-v0n_STK_007100123456_VCB_CONG_TY_XNK_GREEN,true,character_substitution|punctuation_insertion|whitespace_splitting|word_concatenation|irregular_spacing|irregular_casing|character_repetition,4,0.9,reward_incentive,provide_personal_information,Chuy3n_kho4n_n4p-v0n_STK_007100123456_VCB_CONG_TY_XNK_GREEN,obfuscation_intent_uncertain,0.9,0.9,0.7,0.9,0.7,0.8
phase1_07568,[CANH CAO LAN CUOI]: Co quan chuc nang dang thu ly ho so vi pham cua Ong/Ba. Yeu cau phai giai quyet nghia vu tai chinh trong vong 24H. Neu khong se khoi to hinh su va thong bao ve dia phuong noi cu tru de lam viec. LH: 84900112233.,public_service,diacritic_omission|punctuation_insertion,2,general,all,general_public,Ong/Ba,false,,0,1.0,urgency|fear,call_phone,LH: <PHONE_1>.,,0.9,0.9,0.9,1.0,0.9,0.9
phase1_07331,"CANH BAO LAN CUOI!!! Đối tượng Lê Văn Tám CMND: 191827364 cố tình né tránh khoản nợ 7,341,000VND tại HD Saison. Chúng tôi sẽ thông báo đến nơi làm việc và chính quyền địa phương nếu không trả trước 24H nữa. LH: 0912384756.",debt_collection,irregular_casing|punctuation_insertion,2,adult,unknown,debtor,"Đối tượng Lê Văn Tám CMND: <IDENTIFIER_1> cố tình né tránh khoản nợ 7,341,000VND tại HD Saison.",false,,0,1.0,urgency|threat,call_phone,LH: <PHONE_1>.,,1.0,1.0,1.0,1.0,1.0,1.0
phase1_06395,THÔNG BÁO KHẨN: [CẢNH CÁO LẦN CUỐI] Phòng AN NINH ĐIỀU TRA thông báo Ông/Bà đã vi phạm điều luật hình sự. Yêu cầu liên hệ 84983746521 trước 17 giờ hôm nay để xác minh thông tin nếu không sẽ ra lệnh bắt tạm giam.,public_service,irregular_casing|punctuation_insertion,2,general,all,general_public,Ông/Bà,false,,0,1,urgency|fear|authority|threat,call_phone,Yêu cầu liên hệ <PHONE_1> trước 17 giờ hôm nay để xác minh thông tin,,0.9,0.9,0.9,1,0.9,0.9
phase1_08235,HN – Zalo: HN_Zalo: Tim_ban_gai_tam_su_dem_khuya. zalo.me/g/hn_tam_su. zX1c,personal_social,teencode|punctuation_insertion|whitespace_splitting,2,adult,all,general_public,Tim_ban_gai_tam_su_dem_khuya,false,,0,1,link_lure,click_or_visit_link,zalo.me/g/hn_tam_su,,0.9,0.9,0.9,0.9,0.9,0.9
phase1_09361,ëM_dänG_ö_HCM_vA_rAt_cö_dOn. K-e-t b-a-n T-e-l-e: t.me/hcm_lonely_girl aS9d,personal_social,diacritic_omission|abbreviation|teencode|whitespace_splitting|irregular_casing,3,adult,female,general_public,ëM_dänG_ö_HCM_vA_rAt_cö_dOn,false,,0,1.0,link_lure,click_or_visit_link,K-e-t b-a-n T-e-l-e: t.me/hcm_lonely_girl,,0.9,0.9,0.7,0.9,0.8,0.9
phase1_09069,"H;e,n:h`0: t!nH_m`0t_d`3m: v0i: eM: gA!_x!nH: HN – Zalo: bit.ly/hn_vjp_x dXz9",marketing_promotion,character_substitution|punctuation_insertion|whitespace_splitting|irregular_casing,3,general,all,general_public,,true,character_substitution|punctuation_insertion|whitespace_splitting|irregular_casing,2,0.8,link_lure,click_or_visit_link,bit.ly/hn_vjp_x dXz9,obfuscation_intent_uncertain,0.9,0.9,0.7,0.8,0.8,0.9
