similarity,sample_id_a,sample_id_b,content_a,content_b
0.9996194243431091,phase1_09004,phase1_09016,[T.B] Bo LD-TB-XH: ong (B4) da du z!3u k!3n nh4n t13n h0 tr0 tu quy BHTN. Nhan tai: mo.mnbvc.com. QUA HAN SE KHONG DUOC CHAP NHAN! xS5z,[T.B] Bo LD-TB-XH: ong (B4) da du z!3u k!3n nh4n t13n h0 tr0 tu quy BHTN. Nhan tai: mo.mnbvc.com. QUA HAN SE KHONG DUOC CHAP NHAN! xS8z
0.9994938373565674,phase1_09008,phase1_09020,BHXH VN: ong (B4) da du z!3u k!3n nh4n t13n h0 tr0 tu quy BHTN. Bam vao www.qwerty.icu. QUA HAN SE KHONG DUOC CHAP NHAN! nB2v,BHXH VN: ong (B4) da du z!3u k!3n nh4n t13n h0 tr0 tu quy BHTN. Bam vao www.qwerty.icu. QUA HAN SE KHONG DUOC CHAP NHAN! nB5v
0.9986343383789062,phase1_06916,phase1_06908,"EMIME Company tuyển nhân viên bán thời gian. Thu nhập 500k-1 triệu đồng/ngày. Làm tại nhà, tuổi 22-65. Liên hệ Zalo: zalo.me/84901234531","EMIME Company tuyển nhân viên bán thời gian. Thu nhập 500k-1 triệu đồng/ngày. Làm tại nhà, tuổi 22-65. Liên hệ Zalo: zalo.me/84901234523"
0.9982815980911255,phase1_05791,phase1_05806,[Bảo hiểm xã hội] Ông (Bà) đã đủ điều kiện nhận tiền hỗ trợ từ quỹ Bảo hiểm thất nghiệp theo Nghị quyết 116. Bấm vào www.mnbvc.icu. QUÁ HẠN SẼ KHÔNG ĐƯỢC CHẤP NHẬN!,[Bảo hiểm xã hội] Ông (Bà) đã đủ điều kiện nhận tiền từ quỹ Bảo hiểm thất nghiệp theo Nghị quyết 116. Bấm vào www.mnbvc.icu. QUÁ HẠN SẼ KHÔNG ĐƯỢC CHẤP NHẬN!
0.9979676008224487,phase1_09683,phase1_09696,Cty HVS tuyen nh4n vien ban thoi g14n. Luong 500k-1tr/ngay. Khong yeu cau kinh nghiem. Tuoi 23-65. Zalo: zalo.me/84777889900 Zalo: 84777889900,Cty HVS tuyen nh4n vien ban thoi g14n. Luong 500k-1tr/ngay. Khong yeu cau kinh nghiem. Tuoi 23-65. Zalo: zalo.me/84577889900 Zalo: 84577889900
0.9978688955307007,phase1_05811,phase1_05819,Bảo hiểm xã hội: Ông (Bà) đã đủ điều kiện nhận tiền từ quỹ Bảo hiểm thất nghiệp. Bấm vào www.asdfgh.icu. QUÁ HẠN SẼ KHÔNG ĐƯỢC CHẤP NHẬN!,Bảo hiểm xã hội: Ông (Bà) đã đủ điều kiện nhận tiền hỗ trợ từ quỹ Bảo hiểm thất nghiệp. Bấm vào www.asdfgh.icu. QUÁ HẠN SẼ KHÔNG ĐƯỢC CHẤP NHẬN!
0.9976170063018799,phase1_06904,phase1_06920,Shopee tuyển nhân viên xử lý đơn hàng và đánh giá sản phẩm. Thu nhập 800.000 đồng/ngày. Tuổi 22-60. Liên hệ Zalo: zalo.me/84901234519,Shopee tuyển nhân viên xử lý đơn hàng và đánh giá sản phẩm. Thu nhập 800.000 đồng/ngày. Tuổi 22-60. Liên hệ Zalo: zalo.me/84901234535
0.9972913265228271,phase1_09684,phase1_09697,"EMIME Company tuyen g4p CTV. Luong 800k/ngay, nh4n t13n lien. Tuoi 22-60. Zalo: zalo.me/84788990011 Zalo: 84788990011","EMIME Company tuyen g4p CTV. Luong 800k/ngay, nh4n t13n lien. Tuoi 22-60. Zalo: zalo.me/84588990011 Zalo: 84588990011"
0.9968836903572083,phase1_05822,phase1_05815,Quyết định Bảo hiểm xã hội: Ông (Bà) đã đủ điều kiện nhận tiền từ Bảo hiểm thất nghiệp. Bấm vào www.mnbvcx.icu. QUÁ HẠN SẼ KHÔNG ĐƯỢC CHẤP NHẬN!,Quyết định Bảo hiểm xã hội: Ông (Bà) đã đủ điều kiện nhận tiền từ quỹ Bảo hiểm thất nghiệp. Bấm vào www.mnbvcx.icu. QUÁ HẠN SẼ KHÔNG ĐƯỢC CHẤP NHẬN!
0.9965989589691162,phase1_09023,phase1_09011,H0~tro^BHTN: BAN*da-du-D!EU_K!EN nh4n-T1EN tu quy BHTN. Bam vao www.lkjhg.icu. QUA-HAN SE KH0NG_DUOC CHAP_NHAN! rT5y,H0~tro^BHTN: BAN*da-du-D!EU_K!EN nh4n-T1EN tu quy BH#TN. Bam vao www.lkjhg.icu. QUA-HAN SE KH0NG_DUOC CHAP_NHAN! rT2y
0.9963213801383972,phase1_05799,phase1_05806,[Bảo hiểm xã hội] Ông (Bà) đã đủ điều kiện nhận tiền từ quỹ Bảo hiểm thất nghiệp theo Nghị quyết 116. Bấm vào www.zxcvb.icu. QUÁ HẠN SẼ KHÔNG ĐƯỢC CHẤP NHẬN!,[Bảo hiểm xã hội] Ông (Bà) đã đủ điều kiện nhận tiền từ quỹ Bảo hiểm thất nghiệp theo Nghị quyết 116. Bấm vào www.mnbvc.icu. QUÁ HẠN SẼ KHÔNG ĐƯỢC CHẤP NHẬN!
0.9962656497955322,phase1_08876,phase1_08882,BHXH VN: ong (BA) da du dieu k1en nh4n t1en ho tro tu quy BHTN. Bam vao www.poiuy.icu. QUA HAN SE KHONG DUOC CHAP NHAN! kI9o,BHXH VN: ong (BA) da du dieu k1en nh4n t1en ho tro tu quy BHTN. Bam vao www.poiuy.icu. QUA HAN SE KHONG DUOC CHAP NHAN! bH7n
0.9962656497955322,phase1_10120,phase1_10100,Hoan thue TNCN: Ong (Ba) da du dieu kien NHAN T1EN tu quy BHTN. Bam vao www.vbgty.icu. QUA HAN SE KHONG DUOC CHAP NHAN! aS7d,Hoan thue TNCN: Ong (Ba) da du dieu kien NHAN T1EN tu quy BHTN. Bam vao www.uytrf.icu. QUA HAN SE KHONG DUOC CHAP NHAN! nB7v
0.9960846900939941,phase1_09005,phase1_09017,H0^tro~COVID: B4N_da-du-D!EU*K!EN nh4n_T1EN tu quy BH#TN. Bam vao www.plmko.icu. QUA-HAN SE KH0NG_DUOC CHAP_NHAN! aD9f,H0^tro~COVID: B4N_da-du-D!EU*K!EN nh4n_T1EN h0~tro tu quy BH#TN. Bam vao www.plmko.icu. QUA-HAN SE KH0NG_DUOC CHAP_NHAN! aD4f
0.996040403842926,phase1_09692,phase1_09679,Shopee tuyen nh4n vien danh gia san pham. Thu nh4p 350-999k/ngay. Khong kinh nghiem. Tuoi 23-65. Zalo: zalo.me/84533445566,Shopee tuyen nh4n vien danh gia san ph4m. Thu nh4p 350-999k/ngay. Khong can kinh nghiem. Tuoi 23-65. Zalo: zalo.me/84733445566
0.9960107803344727,phase1_08903,phase1_08891,H0 Tr0 COVID-19: B4N_da-du D!EU K!EN nh4n~T1EN tu quy BHTN. Nh4n tai: www.plmza.icu. QUA-HAN*SE KH0NG_DUOC CHAP_NHAN! jH2k,H0 Tr0 COVID-19: B4N_da-du D!EU K!EN nh4n~T1EN tu quy BHTN. Nh4n tai: www.ujmik.icu. QUA-HAN*SE KH0NG_DUOC CHAP_NHAN! lO9p
0.9959428310394287,phase1_06627,phase1_06635,"K1m L0ng C4s1n0, B4cc4r4t truc t1ep, rut t1en 4 fhut. L!nk: d12ps.com","K1m L0ng C4s1n0, B4cc4r4t truc t1ep, rut t1en 5 fhut. L!nk: z92ps.com"
0.9957325458526611,phase1_08868,phase1_08880,Hoan thue TNCN: Ban da du dieu k1en nh4n t1en hoan thue. Bam vao www.mnbvc.icu. QUA HAN SE KHONG DUOC CHAP NHAN! vF5s,Hoan thue TNCN: Ban da du dieu k1en nh4n t1en hoan thue. Bam vao www.mnbvc.icu. QUA HAN SE KHONG DUOC CHAP NHAN! qA4e
0.9952691793441772,phase1_08990,phase1_09014,BHXH Viet Nam: ong (B4) da du z!3u k!3n nh4n t13n h0 tr0 tu quy BHTN. Bam vao www.poiuy.icu. QUA HAN SE KHONG DUOC CHAP NHAN! vC3x,BHXH Viet Nam: ong (B4) da du z!3u k!3n nh4n t13n h0 tr0 tu BHTN. Bam vao www.poiuy.icu. QUA HAN SE KHONG DUOC CHAP NHAN! mJ7n
0.9952468872070312,phase1_10123,phase1_10103,Ho tro COVID-19: Ban~da-du D!EU*K!EN nh4n_T1EN h0~tro tu quy BH#TN. Bam vao www.vfbtg.icu. QUA^HAN SE_KH0NG DUOC_CHAP NHAN! mN4b,Ho tro COVID-19: Ban~da-du D!EU*K!EN nh4n_T1EN h0~tro tu quy BH#TN. Bam vao www.xsder.icu. QUA^HAN SE_KH0NG DUOC_CHAP NHAN! dR4f
0.9951634407043457,phase1_08996,phase1_09008,BHXH VN: ong (B4) da du z!3u k!3n nh4n t13n h0 tr0 tu quy BHTN. Bam vao www.ytrew.icu. QUA HAN SE KHONG DUOC CHAP NHAN! kL0p,BHXH VN: ong (B4) da du z!3u k!3n nh4n t13n h0 tr0 tu quy BHTN. Bam vao www.qwerty.icu. QUA HAN SE KHONG DUOC CHAP NHAN! nB2v
0.9951133728027344,phase1_10510,phase1_10512,789Bet-B4cc4r4t-truc-t1ep-cho1-g4-xo-so-CSKH-24/24-gu1-v4-rut-tr0ng-3-fvt. DK: s52kp.com,V7Bet-B4cc4r4t-truc-t1ep-cho1-g4-xo-so-CSKH-24/24-gu1-v4-rut-tr0ng-3-fvt. DK: v92zq.com
0.9948974847793579,phase1_05626,phase1_05630,Ông (Bà) đã đủ điều kiện nhận tiền hỗ trợ từ quỹ Bảo hiểm thất nghiệp. Bấm vào www.plmko.icu. QUÁ HẠN SẼ KHÔNG ĐƯỢC CHẤP NHẬN!,Ông (Bà) đã đủ điều kiện nhận tiền hỗ trợ từ quỹ Bảo hiểm thất nghiệp. Bấm vào www.mjuik.icu. QUÁ HẠN SẼ KHÔNG ĐƯỢC CHẤP NHẬN!
0.994823694229126,phase1_06895,phase1_06887,"TikTok đang tuyển nhân viên làm việc tại nhà. Thu nhập 350-999k/ngày. Thao tác đơn giản, nhận tiền sau 13-25 phút. Liên hệ: zalo.me/84901234510","TikTok đang tuyển nhân viên làm việc tại nhà. Thu nhập 350-999k/ngày. Thao tác đơn giản, nhận tiền sau 13-25 phút. Liên hệ: zalo.me/84901234502"
0.994789183139801,phase1_05611,phase1_05815,Quyết định Bảo hiểm xã hội: Ông (Bà) đã đủ điều kiện nhận tiền từ quỹ Bảo hiểm thất nghiệp. Bấm vào www.mnpqr.icu. QUÁ HẠN SẼ KHÔNG ĐƯỢC CHẤP NHẬN!,Quyết định Bảo hiểm xã hội: Ông (Bà) đã đủ điều kiện nhận tiền từ quỹ Bảo hiểm thất nghiệp. Bấm vào www.mnbvcx.icu. QUÁ HẠN SẼ KHÔNG ĐƯỢC CHẤP NHẬN!
0.9947569966316223,phase1_10204,phase1_09424,"Amazon cần tuyển nhân viên xử lý đơn đặt hàng TMĐT tại nhà. Thu nhập 500k~3000k/ngày, thao tác đơn giản không cần kinh nghiệm. Yêu cầu 23-60 tuổi. Liên hệ Zalo: zalo.me/84901234567 Zalo: 84901234567","Amazon cần tuyển nhân viên xử lý đơn đặt hàng TMĐT tại nhà. Thu nhập 500k~3000k/ngày, thao tác đơn giản, không cần kinh nghiệm. Tuổi từ 23-60. Liên hệ Zalo: zalo.me/84901234567 Zalo: 84901234567"
0.9945428371429443,phase1_10110,phase1_10090,Quy BHTN: Ong (Ba) da du dieu kien NHAN T1EN ho tro. Bam vao mo.bgtvf.com. QUA HAN SE KHONG DUOC CHAP NHAN! nS5d,Quy BHTN: Ong (Ba) da du dieu kien NHAN T1EN ho tro. Bam vao mo.asdfg.com. QUA HAN SE KHONG DUOC CHAP NHAN! lK5j
0.99452805519104,phase1_08898,phase1_08880,Hoan thue TNCN: Ban da du dieu k1en nh4n t1en hoan thue. Bam vao www.rfvbn.icu. QUA HAN SE KHONG DUOC CHAP NHAN! lO1p,Hoan thue TNCN: Ban da du dieu k1en nh4n t1en hoan thue. Bam vao www.mnbvc.icu. QUA HAN SE KHONG DUOC CHAP NHAN! qA4e
0.9945158958435059,phase1_10115,phase1_10103,Ho tro COVID-19: Ban~da-du D!EU*K!EN nh4n_T1EN h0~tro tu quy BH#TN. Bam vao www.mjuik.icu. QUA^HAN SE_KH0NG DUOC_CHAP NHAN! zB6v,Ho tro COVID-19: Ban~da-du D!EU*K!EN nh4n_T1EN h0~tro tu quy BH#TN. Bam vao www.xsder.icu. QUA^HAN SE_KH0NG DUOC_CHAP NHAN! dR4f
0.994483232498169,phase1_10241,phase1_10228,"L4z4z4 can c0ng t4c v13n xu ly z0n hang tai nh4, lu0ng 500k~3000k/ngay. Tu01 23-65. Z4l0: zalo.me/84634567890","L4z4d4 can c0ng t4c v13n xu-ly d0n hang tai nh4, lu0ng 500k~3000k/ngay. Tu01 23-65. Z4l0: zalo.me/84323456789"
0.9944505095481873,phase1_10099,phase1_10119,Bo LD-TB-XH: Ban~da-du D!EU*K!EN nh4n_T1EN h0~tro NQ-116. Bam vao mo.nhuio.com. QUA^HAN SE_KH0NG DUOC_CHAP NHAN! mK3l,Bo LD-TB-XH: Ban~da-du D!EU*K!EN nh4n_T1EN h0~tro NQ-116. Bam vao mo.nhyuj.com. QUA^HAN SE_KH0NG DUOC_CHAP NHAN! pO3l
0.9943256378173828,phase1_05816,phase1_05823,Bạn đã đủ Điều Kiện nhận TIỀN từ quỹ Bảo hiểm thất nghiệp. Nhận tại www.qwerty.icu. QUÁ HẠN SẼ KHÔNG ĐƯỢC CHẤP NHẬN!,Bạn đã đủ Điều Kiện nhận TIỀN hỗ trợ từ quỹ Bảo hiểm thất nghiệp. Nhận tại www.qwerty.icu. QUÁ HẠN SẼ KHÔNG ĐƯỢC CHẤP NHẬN!
0.9942461252212524,phase1_08874,phase1_08880,Hoan thue TNCN: Ban da du dieu k1en nh4n t1en hoan thue. Bam vao www.asdfg.icu. QUA HAN SE KHONG DUOC CHAP NHAN! jM7u,Hoan thue TNCN: Ban da du dieu k1en nh4n t1en hoan thue. Bam vao www.mnbvc.icu. QUA HAN SE KHONG DUOC CHAP NHAN! qA4e
0.9941178560256958,phase1_05789,phase1_05611,Quyết định Bảo hiểm xã hội: Ông (Bà) đã đủ điều kiện nhận tiền từ quỹ Bảo hiểm thất nghiệp. Bấm vào www.kqjwy.icu. QUÁ HẠN SẼ KHÔNG ĐƯỢC CHẤP NHẬN!,Quyết định Bảo hiểm xã hội: Ông (Bà) đã đủ điều kiện nhận tiền từ quỹ Bảo hiểm thất nghiệp. Bấm vào www.mnpqr.icu. QUÁ HẠN SẼ KHÔNG ĐƯỢC CHẤP NHẬN!
0.9941174983978271,phase1_10108,phase1_10088,Hoan thue TNCN: ong (BA) da du dieu kien NHAN T1EN theo NQ-116. Bam vao www.vcdew.icu. QUA HAN SE KHONG DUOC CHAP NHAN! lO1p,Hoan thue TNCN: ong (BA) da du dieu kien NHAN T1EN theo NQ-116. Bam vao www.qwert.icu. QUA HAN SE KHONG DUOC CHAP NHAN! mN1b
0.9940441846847534,phase1_05643,phase1_05626,Ông (Bà) đã đủ điều kiện nhận tiền hỗ trợ từ quỹ Bảo hiểm thất nghiệp. Bấm vào www.wsxza.icu. QUÁ HẠN SẼ KHÔNG ĐƯỢC CHẤP NHẬN!,Ông (Bà) đã đủ điều kiện nhận tiền hỗ trợ từ quỹ Bảo hiểm thất nghiệp. Bấm vào www.plmko.icu. QUÁ HẠN SẼ KHÔNG ĐƯỢC CHẤP NHẬN!
0.9939777851104736,phase1_08890,phase1_08872,Bo LD-TB-XH: ong (BA) da du dieu k1en nh4n t1en ho tro theo NQ-116. Bam vao www.yhnmk.icu. QUA HAN SE KHONG DUOC CHAP NHAN! mJ2h,Bo LD-TB-XH: ong (BA) da du dieu k1en nh4n t1en ho tro theo NQ-116. Bam vao www.ytrew.icu. QUA HAN SE KHONG DUOC CHAP NHAN! nB9v
0.9939703941345215,phase1_08316,phase1_08298,Hoan thue TNCN: Ong (Ba) da du dieu kien nh4n t1en tu quy BHTN. Bam vao www.bghju.icu. QUA HAN SE KHONG DUOC CHAP NHAN! xD3c,Hoan thue TNCN: Ong (Ba) da du dieu kien nh4n t1en tu quy BHTN. Bam vao www.xdefr.icu. QUA HAN SE KHONG DUOC CHAP NHAN! tG6y
0.9938088655471802,phase1_09738,phase1_09714,Hoan thue TNCN: ong (BA) da du d13u kien nh4n tien ho tro thue. Bam vao www.ju765.icu. QUA HAN SE KHONG DUOC CHAP NHAN! mQ7w,Hoan thue TNCN: ong (BA) da du d13u kien nh4n ho tro thue. Bam vao www.uytrv.icu. QUA HAN SE KHONG DUOC CHAP NHAN! jK1l
0.9937837719917297,phase1_09000,phase1_09012,Hoan thue TNCN: ong (B4) da du z!3u k!3n nh4n t13n h0 tr0 nam 2024. Bam vao www.lkjhf.icu. QUA HAN SE KHONG DUOC CHAP NHAN! uI2o,Hoan thue TNCN: ong (B4) da du z!3u k!3n nh4n t13n h0 tr0 2024. Bam vao www.mnbvc.icu. QUA HAN SE KHONG DUOC CHAP NHAN! uI9o
0.9937659502029419,phase1_10095,phase1_10123,Ho tro COVID-19: Ban~da-du D!EU*K!EN nh4n_T1EN h0~tro tu quy BH#TN. Bam vao www.mnlkj.icu. QUA^HAN SE_KH0NG DUOC_CHAP NHAN! kL6m,Ho tro COVID-19: Ban~da-du D!EU*K!EN nh4n_T1EN h0~tro tu quy BH#TN. Bam vao www.vfbtg.icu. QUA^HAN SE_KH0NG DUOC_CHAP NHAN! mN4b
0.993672788143158,phase1_09006,phase1_09018,Hoan thue TNCN: ong (B4) da du z!3u k!3n nh4n t13n h0 tr0 th30 BHXH. Bam vao www.zxcvb.icu. QUA HAN SE KHONG DUOC CHAP NHAN! gH3j,Hoan thue TNCN: ong (B4) da du z!3u k!3n nh4n t13n h0 tr0 tu quy BHTN. Bam vao www.zxcvb.icu. QUA HAN SE KHONG DUOC CHAP NHAN! gH1j
0.9935795068740845,phase1_05764,phase1_05760,"G!ai-tr!_2Q_t@ng-68k-khi_t4i-app. x3 n@p-dau. X.0c-D.!a, N.0hu. L1nk: gtr11.cc/mB22n","G!ai-tr!_2Q_t@ng-158k-khi_t4i-app. x3 n@p-dau. X.0c-D.!a, N.0hu. L1nk: gtr99.cc/vN77b"
0.9935241937637329,phase1_08886,phase1_08874,Hoan thue TNCN: Ban da du dieu k1en nh4n t1en hoan thue. Bam vao www.wsxed.icu. QUA HAN SE KHONG DUOC CHAP NHAN! kP0m,Hoan thue TNCN: Ban da du dieu k1en nh4n t1en hoan thue. Bam vao www.asdfg.icu. QUA HAN SE KHONG DUOC CHAP NHAN! jM7u
0.9933903813362122,phase1_08892,phase1_08886,Hoan thue TNCN: Ban da du dieu k1en nh4n t1en hoan thue. Bam vao www.olpki.icu. QUA HAN SE KHONG DUOC CHAP NHAN! rE3w,Hoan thue TNCN: Ban da du dieu k1en nh4n t1en hoan thue. Bam vao www.wsxed.icu. QUA HAN SE KHONG DUOC CHAP NHAN! kP0m
0.9933672547340393,phase1_08900,phase1_08894,BHXH VN: ong (BA) da du dieu k1en nh4n t1en ho tro tu quy BHTN. Bam vao www.yhnji.icu. QUA HAN SE KHONG DUOC CHAP NHAN! nB9v,BHXH VN: ong (BA) da du dieu k1en nh4n t1en ho tro tu quy BHTN. Bam vao www.ikmjn.icu. QUA HAN SE KHONG DUOC CHAP NHAN! gB7v
0.9933486580848694,phase1_08308,phase1_08314,Bo LD-TB-XH: Ong (Ba) da du dieu kien nh4n t1en ho tro tu BHXH. Nhan tai mo.loikj.com. QUA HAN SE KHONG DUOC CHAP NHAN! nH4m,Bo LD-TB-XH: Ong (Ba) da du dieu kien nh4n t1en ho tro BHXH. Nhan tai mo.yhnuj.com. QUA HAN SE KHONG DUOC CHAP NHAN! oP9l
0.993343710899353,phase1_10102,phase1_10122,[BHXH] Theo NQ-116: ong (BA) da du dieu kien NHAN T1EN ho tro. Bam vao mo.loiuy.com. QUA HAN SE KHONG DUOC CHAP NHAN! xZ1c,[BHXH] Theo NQ-116: ong (BA) da du dieu kien NHAN T1EN ho tro. Bam vao mo.zaqws.com. QUA HAN SE KHONG DUOC CHAP NHAN! jK1l
0.9931219220161438,phase1_08888,phase1_08894,BHXH VN: ong (BA) da du dieu k1en nh4n t1en ho tro tu quy BHTN. Bam vao www.tgbnh.icu. QUA HAN SE KHONG DUOC CHAP NHAN! wQ1a,BHXH VN: ong (BA) da du dieu k1en nh4n t1en ho tro tu quy BHTN. Bam vao www.ikmjn.icu. QUA HAN SE KHONG DUOC CHAP NHAN! gB7v
0.9930928945541382,phase1_10098,phase1_10118,[T.B] BHXH: ong (BA) da du dieu kien NHAN T1EN ho tro tu quy BH-TN. Bam vao www.mjnhy.icu. QUA HAN SE KHONG DUOC CHAP NHAN! bN5m,[T.B] BHXH: ong (BA) da du dieu kien NHAN T1EN ho tro tu quy BH-TN. Bam vao www.vfrgt.icu. QUA HAN SE KHONG DUOC CHAP NHAN! uI5o
0.9930566549301147,phase1_10092,phase1_08878,Bo LD-TB-XH: ong (BA) da du dieu kien nh4n t1en ho tro tu quy BHTN. Bam vao www.poiuy.icu. QUA HAN SE KHONG DUOC CHAP NHAN! dF9s,Bo LD-TB-XH: ong (BA) da du dieu k1en nh4n t1en ho tro tu quy BHTN. Bam vao www.qwert.icu. QUA HAN SE KHONG DUOC CHAP NHAN! dR8t
0.9930530786514282,phase1_08884,phase1_08872,Bo LD-TB-XH: ong (BA) da du dieu k1en nh4n t1en ho tro theo NQ-116. Bam vao www.qazxs.icu. QUA HAN SE KHONG DUOC CHAP NHAN! tY3u,Bo LD-TB-XH: ong (BA) da du dieu k1en nh4n t1en ho tro theo NQ-116. Bam vao www.ytrew.icu. QUA HAN SE KHONG DUOC CHAP NHAN! nB9v
0.9930496215820312,phase1_10516,phase1_10524,Aw1n-tuy3n-d41-ly-h04-h0ng-50%-tra-nh1ev-h1nh-thvc-l1en-he-z4l0: 0938123456. L1nk: awin.vip,Aw1n-tuy3n-d41-ly-h04-h0ng-60%-tra-nh1ev-h1nh-thvc-l1en-he-z4l0: 0366445577. L1nk: awin88.vip
0.9930461645126343,phase1_08902,phase1_08890,Bo LD-TB-XH: ong (BA) da du dieu k1en nh4n t1en ho tro theo NQ-116. Bam vao www.okmju.icu. QUA HAN SE KHONG DUOC CHAP NHAN! fD5s,Bo LD-TB-XH: ong (BA) da du dieu k1en nh4n t1en ho tro theo NQ-116. Bam vao www.yhnmk.icu. QUA HAN SE KHONG DUOC CHAP NHAN! mJ2h
0.9930101633071899,phase1_05577,phase1_05585,Bảo hiểm xã hội: Ông (Bà) đã đủ điều kiện nhận tiền hỗ trợ quỹ Bảo hiểm thất nghiệp. Nhận tại: mo.zxcvb.com. QUÁ HẠN KHÔNG ĐƯỢC CHẤP NHẬN.,Bảo hiểm xã hội: Ông (Bà) đã đủ điều kiện nhận tiền hỗ trợ Bảo hiểm thất nghiệp. Nhận tại: mo.xcvbn.com. QUÁ HẠN KHÔNG ĐƯỢC CHẤP NHẬN.
0.9927334785461426,phase1_08301,phase1_08319,Quy_BHTN! Ban^da~du_D!EU*KIEN-nh4n-TIEN tu Bo LD-TB-XH. Bam-vao www.bgtyu.icu. QUA*HAN_SE-KHONG^DUOC_CHAP-NHAN! iO3p,Quy_BHTN! Ban^da~du_D!EU*KIEN-nh4n-TIEN tu Bo LD-TB-XH. Bam-vao www.vfrtg.icu. QUA*HAN_SE-KHONG^DUOC_CHAP-NHAN! nH4j
0.992652416229248,phase1_10112,phase1_10092,Bo LD-TB-XH: ong (BA) da du dieu kien nh4n t1en ho tro tu quy BHTN. Bam vao www.xswza.icu. QUA HAN SE KHONG DUOC CHAP NHAN! vH9j,Bo LD-TB-XH: ong (BA) da du dieu kien nh4n t1en ho tro tu quy BHTN. Bam vao www.poiuy.icu. QUA HAN SE KHONG DUOC CHAP NHAN! dF9s
0.992634654045105,phase1_10547,phase1_10559,H0~tr0_COVID-19: Ong/(Ba) da-du D!EU^K!EN nh4n T1EN tu QUY*BHTN. Bam vao www.plmijn.icu. QUA-HAN SE KHONG DUOC CHAP NHAN! vB6n,H0~tr0_COVID_VN: Ong/(Ba) da-du D!EU^K!EN nh4n T1EN tu QUY*BHTN. Bam vao www.ikmjnh.icu. QUA-HAN SE KHONG DUOC CHAP NHAN! dC6v
0.9926308989524841,phase1_10096,phase1_10110,Quy BHTN: Ong (Ba) da du dieu kien NHAN T1EN ho tro. Bam vao mo.vfrtg.com. QUA HAN SE KHONG DUOC CHAP NHAN! zX8c,Quy BHTN: Ong (Ba) da du dieu kien NHAN T1EN ho tro. Bam vao mo.bgtvf.com. QUA HAN SE KHONG DUOC CHAP NHAN! nS5d
0.9925810098648071,phase1_10094,phase1_10114,[BHXH VN] Theo NQ-116: ong (BA) da du dieu kien NHAN T1EN ho tro. Bam vao www.nbvcx.icu. QUA HAN SE KHONG DUOC CHAP NHAN! gH4j,[BHXH VN] Theo NQ-116: ong (BA) da du dieu kien NHAN T1EN ho tro. Bam vao www.loiuj.icu. QUA HAN SE KHONG DUOC CHAP NHAN! xM4n
0.9925464391708374,phase1_09913,phase1_08482,"T1kT0k tuyen g4p nh4n vien xu ly don hang. Thu nh4p 800.000d/ng4y, nhan tien s4u 13-25 f-ut. Tuoi 22-65. Zalo: zalo.me/84913456789 Zalo: 84913456789","T1kT0k tuyen g4p nh4n vien xu ly don hang. Thu nh4p 800.000d/ng4y, nhan tien s4u 15 fhut. Tuoi 23-65. Zalo: zalo.me/84762341589 Zalo: 84762341589"
0.9925247430801392,phase1_08988,phase1_09000,Hoan thue TNCN: ong (B4) da du z!3u k!3n nh4n t13n h0 tr0 tu Chinh f0. Bam vao www.lkjhg.icu. QUA HAN SE KHONG DUOC CHAP NHAN! pO1i,Hoan thue TNCN: ong (B4) da du z!3u k!3n nh4n t13n h0 tr0 nam 2024. Bam vao www.lkjhf.icu. QUA HAN SE KHONG DUOC CHAP NHAN! uI2o
0.9925000667572021,phase1_06873,phase1_06861,H0 tr0 C0V1D-19: B4N_da-du_D!EU K!EN nh4n T1EN tu BH#TN. Nhan t4!: mo.bgtyh.com. QUA_HAN-SE-KH0NG_DUOC-CHAP-NHAN! bN4m,H0 tr0 C0V1D-19: B4N_da-du_D!EU K!EN nh4n T1EN tu BH#TN. Nhan t4!: mo.ijnuh.com. QUA_HAN-SE-KH0NG_DUOC-CHAP-NHAN! kL8p
0.9924675226211548,phase1_07211,phase1_07243,JILI_Game-mới_Tặng^588k khi-DK! x3 nạp đầu,JILI_Game-mới_Tặng^388k khi-DK! x3 nạp đầu
0.9923954010009766,phase1_10506,phase1_10510,8DAY-B4cc4r4t-truc-t1ep-cho1-g4-xo-so-CSKH-24/24-gu1-v4-rut-tr0ng-3-fvt. DK: d82ms.com,789Bet-B4cc4r4t-truc-t1ep-cho1-g4-xo-so-CSKH-24/24-gu1-v4-rut-tr0ng-3-fvt. DK: s52kp.com
0.9923478364944458,phase1_06631,phase1_06639,"789B3t C4s1n0, ch01 g4, x0 s0, rut t1en 2 fhut. L!nk: x12nk.com","789B3t C4s1n0, x0 s0, ch01 g4, rut t1en 1 fhut. L!nk: v12ms.com"
0.9922477006912231,phase1_10106,phase1_10086,Bo LD-TB-XH: Ong (Ba) da du dieu kien nhan t1en tu quy BHTN. Bam vao www.cxvbn.icu. QUA HAN SE KHONG DUOC CHAP NHAN! jU9k,Bo LD-TB-XH: Ong (Ba) da du dieu kien nhan t1en ho tro tu Quy BHTN. Bam vao www.mnbvq.icu. QUA HAN SE KHONG DUOC CHAP NHAN! rE9w
0.9921287894248962,phase1_08296,phase1_08308,Bo LD-TB-XH: Ong (Ba) da du dieu kien nh4n t1en ho tro tu BHXH. Nhan tai mo.mkiol.com. QUA HAN SE KHONG DUOC CHAP NHAN! uY7t,Bo LD-TB-XH: Ong (Ba) da du dieu kien nh4n t1en ho tro tu BHXH. Nhan tai mo.loikj.com. QUA HAN SE KHONG DUOC CHAP NHAN! nH4m
0.9921087026596069,phase1_08889,phase1_08901,Quy BHTN: B4N_da-du^D!EU K!EN nh4n-T1EN h0~tro tu quy BHTN. Nh4n tai: mo.zxcvb.com. QUA-HAN*SE KH0NG_DUOC CHAP_NHAN! vX6z,Quy BHTN: B4N_da-du^D!EU K!EN nh4n-T1EN h0~tro tu quy BHTN. Nh4n tai: mo.qwert.com. QUA-HAN*SE KH0NG_DUOC CHAP_NHAN! sX1z
0.9920309782028198,phase1_05593,phase1_05599,Theo Nghị quyết 116: Bạn đã đủ điều kiện nhận TIỀN từ quỹ Bảo hiểm thất nghiệp. Bấm vào www.lkjmn.icu. QUÁ HẠN SẼ KHÔNG ĐƯỢC CHẤP NHẬN!,Theo Nghị quyết 116: Bạn đã đủ điều kiện nhận TIỀN từ quỹ Bảo hiểm thất nghiệp. Bấm vào www.uhbvg.icu. QUÁ HẠN SẼ KHÔNG ĐƯỢC CHẤP NHẬN!
0.992021918296814,phase1_10430,phase1_10442,BHXH-VN: ong (B4) da du d!3u k13n nh4n t13n h0 tr0 n4m nay. Bam vao www.uhbgv.icu. QUA HAN SE KHONG DUOC CHAP NHAN. uJ8m,BHXH VN: ong (B4) da du d!3u k13n nh4n t13n h0 tr0 dot nay. Bam vao www.yhgbt.icu. QUA HAN SE KHONG DUOC CHAP NHAN. nH5m
0.9919617176055908,phase1_06885,phase1_06855,H0 tr0 C0V1D-19: B4N_da-du*D!EU^K!EN nh4n T1EN tu BH#TN th3o NQ-116. Bam vao www.mnbkj.icu. QUA-HAN*SE-KH0NG_DUOC-CHAP-NHAN! vB7n,H0 tr0 C0V1D-19: B4N_da-du*D!EU^K!EN nh4n T1EN tu BH#TN. Bam vao www.tgbyh.icu. QUA-HAN*SE-KH0NG_DUOC-CHAP-NHAN! tR3q
0.9919053316116333,phase1_06911,phase1_06895,"TikTok tuyển nhân viên làm việc tại nhà. Thu nhập 350-999k/ngày. Thao tác đơn giản, nhận tiền sau 15 phút. Liên hệ: zalo.me/84901234526","TikTok đang tuyển nhân viên làm việc tại nhà. Thu nhập 350-999k/ngày. Thao tác đơn giản, nhận tiền sau 13-25 phút. Liên hệ: zalo.me/84901234510"
0.9919001460075378,phase1_09723,phase1_09735,B0_LĐ-TB-XH: Ong-Ba_da-du_d!eu-k!en-NHAN_T1EN-ho_tro. Bam_vao_www.cdew2.icu. QUA-HAN_SE_KH0NG^DUOC-CHAP_NHAN! aS2d,B0_LĐ-TB-XH: Ong-Ba_da-du_d!eu-k!en-NHAN_T1EN-ho_tro. Bam_vao_www.frt54.icu. QUA-HAN_SE_KH0NG^DUOC-CHAP_NHAN! vB0n
0.99178147315979,phase1_09960,phase1_09965,E.m. .d.a.n.g. .c.o. .d.o.n. .t.a.i. .H.C.M. .-. .Z.a.l.o. .z.a.l.o.m.e./.g./.h.c.m._.p.v._.n.o.w. J6rK,A.n.h. .c.o. .m.u.o.n. .g.a.p. .e.m. .k.h.o.n.g. .H.C.M. .-. .Z.a.l.o. .z.a.l.o.m.e./.g./.h.c.m._.x.8. K5fJ
0.9917656183242798,phase1_08287,phase1_08305,Tro-cap_NQ-116: Ban^da~du*D!EU_K!EN-nh4n-T1EN tu Bo LD-TB-XH. Nhan-tai: mo.ghjkl.com. QUA*HAN_SE_KH0NG~DUOC-CHAP-NHAN! cX1s,Tr0_cap^NQ-116: Ban~da-du*D!EU_K!EN-nh4n-T1EN tu Bo LD-TB-XH. Nhan-tai: mo.xsaze.com. QUA*HAN_SE_KH0NG~DUOC-CHAP-NHAN! lK9o
0.9917310476303101,phase1_09045,phase1_09053,3B4y tuy3n nv xu ly z0n hang TMZT. Lu0ng 500k-3tr/ngay. Tu01 22-60. Lien he Z4l0: zalo.me/84922445566 Z4l0: 84922445566,3B4y can tuy3n nv xu ly z0n z4t hang TMZT. Lu0ng 500k-3tr/ngay. Tu01 22-60. Z4l0: zalo.me/84920445566 Z4l0: 84920445566
0.9916814565658569,phase1_09304,phase1_09904,"Amazon cần tuyển nhân viên xử lý đơn đặt hàng TMĐT tại nhà. Thu nhập 500k~3000k/ngày, thao tác đơn giản. Độ tuổi 22–60. Liên hệ Zalo: zalo.me/84901234567 Zalo: 84901234567","Amazon cần tuyển nhân viên xử lý đơn đặt hàng TMĐT tại nhà. Thu nhập từ 500k~3000k/ngày, thao tác đơn giản. Yêu cầu độ tuổi 23-60. Liên hệ Zalo: zalo.me/84901234567 Zalo: 84901234567"
0.9916543960571289,phase1_08299,phase1_08317,Tro-cap_NQ-116: Ban^da~du*D!EU_K!EN nh4n-T1EN tu BHXH VN. Nhan tai: mo.zaqxs.com. QUA*HAN_SE_KH0NG~DUOC-CHAP-NHAN! hN5m,Tr0_cap^NQ-116: Ban~da-du*D!EU_K!EN-nh4n-T1EN tu BHXH VN. Nhan tai: mo.okmij.com. QUA*HAN_SE_KH0NG~DUOC-CHAP-NHAN! cF1v
0.9915719628334045,phase1_08896,phase1_08872,Bo LD-TB-XH: ong (BA) da du dieu k1en nh4n t1en ho tro theo NQ-116. Bam vao www.wsxcd.icu. QUA HAN SE KHONG DUOC CHAP NHAN! dF4g,Bo LD-TB-XH: ong (BA) da du dieu k1en nh4n t1en ho tro theo NQ-116. Bam vao www.ytrew.icu. QUA HAN SE KHONG DUOC CHAP NHAN! nB9v
0.9915398359298706,phase1_09015,phase1_09003,Quy-BHTN: BAN~da-du^D!EU_K!EN nh4n*T1EN h0~tro theo quy BH#TN. Bam vao www.qwert.icu. QUA-HAN SE KH0NG_DUOC CHAP_NHAN! bV2c,Quy-BHTN: BAN~da-du^D!EU_K!EN nh4n*T1EN h0~tro NQ-116. Bam vao www.qwert.icu. QUA-HAN SE KH0NG_DUOC CHAP_NHAN! bV1c
0.9914859533309937,phase1_10116,phase1_10096,Quy BHTN: Ong (Ba) da du dieu kien NHAN T1EN ho tro. Bam vao mo.cdewq.com. QUA HAN SE KHONG DUOC CHAP NHAN! qW8e,Quy BHTN: Ong (Ba) da du dieu kien NHAN T1EN ho tro. Bam vao mo.vfrtg.com. QUA HAN SE KHONG DUOC CHAP NHAN! zX8c
0.9913570880889893,phase1_08998,phase1_09022,Bo LD-TB-XH: ong (B4) da du z!3u k!3n nh4n t13n h0 tr0 theo NQ-116. Nhan tai: mo.nbvcx.com. QUA HAN SE KHONG DUOC CHAP NHAN! qW1e,Bo LD-TB-XH: ong (B4) da du z!3u k!3n nh4n t13n h0 tr0 dot 4. Nhan tai: mo.zxcvb.com. QUA HAN SE KHONG DUOC CHAP NHAN! qW3e
0.9913018941879272,phase1_10239,phase1_10226,"T1kT0k tuy3n nh13m vu xu ly z0n hang, nh4n t13n s4u 13-25 f-h-u-t. Lu0ng 1tr-3tr/ngay. Tu01 23-65. Z4l0: zalo.me/84612345678 Z4l0: 84612345678","T1kT0k tuy3n ngu01 l4m nh13m vu xu-ly d0n hang, nh4n t13n s4u 13-25 f-h-u-t. Lu0ng 1tr-3tr/ngay. Tu01 23-65. Z4l0: zalo.me/84790123456 Z4l0: 84790123456"
0.991273820400238,phase1_08895,phase1_08901,Quy BHTN: B4N_da-du^D!EU K!EN nh4n-T1EN h0~tro tu quy BHTN. Nh4n tai: www.plmko.icu. QUA-HAN*SE KH0NG_DUOC CHAP_NHAN! qA2z,Quy BHTN: B4N_da-du^D!EU K!EN nh4n-T1EN h0~tro tu quy BHTN. Nh4n tai: mo.qwert.com. QUA-HAN*SE KH0NG_DUOC CHAP_NHAN! sX1z
0.991199254989624,phase1_09730,phase1_09742,Quy BHTN: ong (BA) da du d13u kien nh4n TIEN ho tro. Bam vao www.nhy67.icu. QUA HAN SE KHONG DUOC CHAP NHAN! kL5z,Quy BHTN: ong (BA) da du d13u kien nh4n TIEN ho tro tu quy. Bam vao www.xsw43.icu. QUA HAN SE KHONG DUOC CHAP NHAN! rT3y
0.9911881685256958,phase1_10085,phase1_10105,[TB] Quy BHTN: B4n_da-du DIEU*KIEN nh4n_T1EN ho~tro NQ-116. Nhan t41: mo.kdfgh.com de hoan tat. QUA_HAN SE KH0NG_DUOC CHAP_NHAN! jH8s,[TB] Quy BHTN: B4n_da-du DIEU*KIEN nh4n_T1EN ho~tro NQ-116. Nhan t41: mo.vfrgh.com. QUA_HAN SE KH0NG_DUOC CHAP_NHAN! hY8j
0.991167426109314,phase1_09010,phase1_09016,Bo LD-TB-XH: ong (B4) da du z!3u k!3n nh4n t13n h0 tr0 tu quy BHTN. Nhan tai: mo.zxcvb.com. QUA HAN SE KHONG DUOC CHAP NHAN! qW4e,[T.B] Bo LD-TB-XH: ong (B4) da du z!3u k!3n nh4n t13n h0 tr0 tu quy BHTN. Nhan tai: mo.mnbvc.com. QUA HAN SE KHONG DUOC CHAP NHAN! xS8z
0.991071879863739,phase1_10440,phase1_10428,Hoan-thue_TNCN: ong (B4) da du d!3u k13n nh4n t13n hoan thue moi. Bam vao www.rdxct.icu. QUA HAN SE KHONG DUOC CHAP NHAN. vB2n,Hoan-thue_TNCN: ong (B4) da du d!3u k13n nh4n t13n hoan thue. Bam vao www.plnbv.icu. QUA HAN SE KHONG DUOC CHAP NHAN. tG7b
0.9909626245498657,phase1_06157,phase1_06175,H.N.-.Z.a.l.o.e.m.v.u.a.l.e.n.p.h.o.c.a.n.n.u.o.i.z.a.l.o.m.e/g/hn_sv_U2j,H.N.-.Z.a.l.o.e.m.l.a.s.i.n.h.v.i.e.n.v.u.a.r.a.t.r.u.o.n.g.z.a.l.o.m.e/g/hn_sv_new_R2k
0.9908353090286255,phase1_09058,phase1_09050,Sh0p33 tuy3n nv xu ly z0n hang v4 zanh g14 s4n f4m. Thu nhap 500k-1.5tr/ng4y. Z4l0: zalo.me/84935556677,Sh0p33 tuy3n g4p nv xu ly z0n hang v4 zanh g14 s4n f4m. Lu0ng 500k-1.5tr/ng4y. Z4l0: zalo.me/84927445566
0.9908281564712524,phase1_05808,phase1_05789,Quyết định Bảo hiểm xã hội: Ông (Bà) đã đủ điều kiện nhận tiền từ quỹ Bảo hiểm thất nghiệp. Bấm vào www.qwerty.icu. QUÁ HẠN SẼ KHÔNG ĐƯỢC CHẤP NHẬN!,Quyết định Bảo hiểm xã hội: Ông (Bà) đã đủ điều kiện nhận tiền từ quỹ Bảo hiểm thất nghiệp. Bấm vào www.kqjwy.icu. QUÁ HẠN SẼ KHÔNG ĐƯỢC CHẤP NHẬN!
0.9908214807510376,phase1_09880,phase1_09882,"789Bet t4nj 68-888k kh1 dky tai mn8v1.c0m. B4cc4r4t truc t13p, ch01 j4, x0 s0. Rut t13n 3 phut. CSKH 24/24","V7Bet t4nj 77k kh1 dky tai v5n9p.c0m. B4cc4r4t truc t13p, ch01 j4, x0 s0. Rut t13n 3 phut. CSKH 24/24"
0.990761399269104,phase1_09002,phase1_09014,BHXH Viet Nam: ong (B4) da du z!3u k!3n nh4n t13n h0 tr0 dot 3. Bam vao www.poiuy.icu. QUA HAN SE KHONG DUOC CHAP NHAN! mJ4n,BHXH Viet Nam: ong (B4) da du z!3u k!3n nh4n t13n h0 tr0 tu BHTN. Bam vao www.poiuy.icu. QUA HAN SE KHONG DUOC CHAP NHAN! mJ7n
0.9907023906707764,phase1_05619,phase1_05627,Bộ Lao động - Thương binh - Xã hội thông báo: Ông Bà đã đủ điều kiện nhận tiền Bảo hiểm thất nghiệp. Bấm vào www.mnbvc.icu. QUÁ HẠN SẼ KHÔNG ĐƯỢC CHẤP NHẬN!,Bộ Lao động - Thương binh - Xã hội: Ông Bà đã đủ điều kiện nhận tiền Bảo hiểm thất nghiệp. Bấm vào www.vfrtg.icu. QUÁ HẠN SẼ KHÔNG ĐƯỢC CHẤP NHẬN!
0.9905819892883301,phase1_08309,phase1_08321,HO-tr0_C0V1D-19: Ban*da~du-D!EU_K!EN-nh4n-T1EN tu quy BHTN. Bam_vao www.mjnhy.icu. QUA*HAN-SE_KH0NG^DUOC-CHAP-NHAN! yT1r,HO-tr0_C0V1D-19: Ban*da~du-D!EU_K!EN-nh4n-T1EN tu BHXH VN. Bam_vao www.mkjuy.icu. QUA*HAN-SE_KH0NG^DUOC-CHAP-NHAN! pL0i
0.9905463457107544,phase1_10101,phase1_10121,Quy BHTN: B4n_da-du D!EU_K!EN nh4n_T1EN ho~tro tu quy BH#TN. Nhan t41: www.kiujn.icu. QUA-HAN SE KHONG-DUOC CHAP NHAN! vC9x,Quy BHTN: B4n_da-du D!EU_K!EN nh4n_T1EN h0~tro tu quy BH#TN. Nhan tai: www.mkiuj.icu. QUA-HAN SE KHONG-DUOC CHAP NHAN! fG9h
0.9904747009277344,phase1_10224,phase1_10237,"3M1M3 C0mp4ny can tuy3n nh4n v13n ban t-h-01 g14n. Lu0ng 800.000d/ng4y, nh4n lu0ng trong ngay. Tu01 23-60. Z4l0: zalo.me/84778901234 Z4l0: 84778901234","3M1M3 C0mp4ny tuy3n nh4n v13n ban t-h-01 g14n. Lu0ng 800.000z/ng4y, nh4n lu0ng trong ngay. Tu01 23-60. Z4l0: zalo.me/84589012345 Z4l0: 84589012345"
0.9904636144638062,phase1_09718,phase1_09730,Quy BHTN: ong (BA) da du d13u kien nh4n TIEN ho tro. Bam vao mo.nhy67.com. QUA HAN SE KHONG DUOC CHAP NHAN! rT7y,Quy BHTN: ong (BA) da du d13u kien nh4n TIEN ho tro. Bam vao www.nhy67.icu. QUA HAN SE KHONG DUOC CHAP NHAN! kL5z
0.9904157519340515,phase1_10554,phase1_10120,Hoan thue TNCN: Ong (Ba) da du dieu kien NHAN T1EN tu quy BHTN. Bam vao www.waqszx.icu. QUA HAN SE KHONG DUOC CHAP NHAN. bV5c,Hoan thue TNCN: Ong (Ba) da du dieu kien NHAN T1EN tu quy BHTN. Bam vao www.vbgty.icu. QUA HAN SE KHONG DUOC CHAP NHAN! aS7d
0.9902576208114624,phase1_10084,phase1_10104,BHXH V1et N4m: ong (BA) da du dieu kien NHAN T1EN ho tro tu quy BH-TN. Bam vao www.plmza.icu de nhan. QUA HAN SE KHONG DUOC CHAP NHAN! aG6f,BHXH V1et N4m: ong (BA) da du dieu kien NHAN T1EN ho tro tu quy BH-TN. Bam vao www.awqsz.icu. QUA HAN SE KHONG DUOC CHAP NHAN! fT6g
0.990240216255188,phase1_08897,phase1_08903,H0 Tr0 COVID-19: B4N_da-du D!EU K!EN nh4n~T1EN tu quy BHTN. Nh4n tai: mo.mnbvc.com. QUA-HAN*SE KH0NG_DUOC CHAP_NHAN! hJ8k,H0 Tr0 COVID-19: B4N_da-du D!EU K!EN nh4n~T1EN tu quy BHTN. Nh4n tai: www.plmza.icu. QUA-HAN*SE KH0NG_DUOC CHAP_NHAN! jH2k
0.9901911020278931,phase1_06321,phase1_05623,Nghị quyết 116: Ông (Bà) đã đủ điều kiện nhận tiền hỗ trợ theo quyết định. Bấm vào www.rewqa.icu. QUÁ HẠN SẼ KHÔNG ĐƯỢC CHẤP NHẬN!,Nghị quyết 116: Ông (Bà) đã đủ điều kiện nhận tiền hỗ trợ Bảo hiểm xã hội. Bấm vào www.rewqa.icu. QUÁ HẠN SẼ KHÔNG ĐƯỢC CHẤP NHẬN!
0.9901747703552246,phase1_08306,phase1_08318,BHXH VN: Ong (Ba) da du dieu kien nh4n t1en ho tro tu quy BHTN. Bam vao www.vfbtg.icu. QUA HAN SE KHONG DUOC CHAP NHAN! vC2x,BHXH VN: Ong (Ba) da du dieu kien nh4n t1en ho tro tu quy BHTN. Bam vao www.nhuyt.icu. QUA HAN SE KHONG DUOC CHAP NHAN! vG7b
0.990149974822998,phase1_08885,phase1_08897,H0 Tr0 COVID-19: B4N_da-du D!EU K!EN nh4n~T1EN tu quy BHTN. Nh4n tai: mo.poiuy.com. QUA-HAN*SE KH0NG_DUOC CHAP_NHAN! nO8i,H0 Tr0 COVID-19: B4N_da-du D!EU K!EN nh4n~T1EN tu quy BHTN. Nh4n tai: mo.mnbvc.com. QUA-HAN*SE KH0NG_DUOC CHAP_NHAN! hJ8k
0.9900813102722168,phase1_09739,phase1_09727,Tr0_cap-NQ_116: Ong-Ba_da-du_d!eu-k!en-NHAN_T1EN-ho_tro. Bam-vao-www.ki876.icu. QUA-HAN_SE_KH0NG^DUOC-CHAP_NHAN! qW6e,Tr0_cap-NQ_116: Ong-Ba_da-du_d!eu-k!en-NHAN_T1EN-tu-NQ-116. Bam-vao-www.cde34.icu. QUA-HAN_SE_KH0NG^DUOC-CHAP_NHAN! gH8j
0.9900672435760498,phase1_10028,phase1_10016,"Ch4o ban, m1nh la An. C0ng w13c th4 t1m v1z30 T1kT0k kiem 2OOk moi ngay. Khong can w0n, nhan t13n n-gay.","Ch4o ban, m1nh la Tu3. C0ng v13c th4 t1m v1d30 T1kT0k kiem 150k moi ngay. Khong can v0n, nhan t13n n-gay."
0.9900131821632385,phase1_05793,phase1_05811,Bảo hiểm xã hội: Ông (Bà) đã đủ điều kiện nhận tiền từ quỹ Bảo hiểm thất nghiệp. Nhận tại www.asdfg.icu. QUÁ HẠN SẼ KHÔNG ĐƯỢC CHẤP NHẬN!,Bảo hiểm xã hội: Ông (Bà) đã đủ điều kiện nhận tiền từ quỹ Bảo hiểm thất nghiệp. Bấm vào www.asdfgh.icu. QUÁ HẠN SẼ KHÔNG ĐƯỢC CHẤP NHẬN!
0.9898569583892822,phase1_10406,phase1_09008,[T.B] BHXH VN: ong (B4) da du d!3u k13n nh4n t13n h0 tr0 tu quy BHTN. Bam vao www.xkzpq.icu de lay. QUA HAN SE KHONG DUOC CHAP NHAN! aJ8s,BHXH VN: ong (B4) da du z!3u k!3n nh4n t13n h0 tr0 tu quy BHTN. Bam vao www.qwerty.icu. QUA HAN SE KHONG DUOC CHAP NHAN! nB2v
0.9897794723510742,phase1_06024,phase1_10204,"Amazon cần tuyển nhân viên xử lý đơn đặt hàng TMĐT tại nhà. Thu nhập 500k~3000k/ngày. Yêu cầu 22–60 tuổi, không cần kinh nghiệm. Liên hệ Zalo: zalo.me/84901234567 Zalo: 84901234567","Amazon cần tuyển nhân viên xử lý đơn đặt hàng TMĐT tại nhà. Thu nhập 500k~3000k/ngày, thao tác đơn giản không cần kinh nghiệm. Yêu cầu 23-60 tuổi. Liên hệ Zalo: zalo.me/84901234567 Zalo: 84901234567"
0.9897519946098328,phase1_10328,phase1_09546,Shopee tuyen g4p nv xu ly z0n hang v4 danh gia f4n pham t41 nha. Tuoi 22-60. Thu nh4f 500k-1.5tr/ng4y. Khong can kinh nghiem. Zalo: zalo.me/84905123987,Shopee tuyen g4p nv xu ly z0n hang v4 danh gia san pham t41 nh4!!! Tuoi 22-60. Thu nh4p 500k-1.5tr/ng4y. Khong can kinh nghiem. Zalo: zalo.me/84903000003
0.9897319674491882,phase1_06888,phase1_06904,Shopee tuyển nhân viên xử lý đơn hàng và đánh giá sản phẩm tại nhà. Thu nhập 800.000 đồng/ngày. Tuổi 22-60. Liên hệ Zalo: zalo.me/84901234503,Shopee tuyển nhân viên xử lý đơn hàng và đánh giá sản phẩm. Thu nhập 800.000 đồng/ngày. Tuổi 22-60. Liên hệ Zalo: zalo.me/84901234519
0.9897140264511108,phase1_09731,phase1_09719,H0~tro_COVID-19: Ong-Ba_da-du_d!eu-k!en-NHAN_T1EN_ho-tro. Bam-vao-www.mju78.icu. QUA-HAN_SE-KH0NG*DUOC-CHAP-NHAN! lZ4x,H0~tro_COVID-19: Ong-Ba_da-du_d!eu-k!en_NHAN^T1EN_ho-tro. Bam-vao-www.mju78.icu. QUA-HAN_SE-KHONG*DUOC_CHAP-NHAN! yU6i
0.9897124767303467,phase1_09710,phase1_09734,BHXH Viet Nam: ong (BA) da du d13u kien nh4n TIEN ho tro. Bam vao www.trewq.icu de l4y. QUA HAN SE KHONG DUOC CHAP NHAN! xZ5a,BHXH Viet Nam: ong (BA) da du d13u kien nh4n TIEN ho tro quy. Bam vao www.vde32.icu. QUA HAN SE KHONG DUOC CHAP NHAN! cV1b
0.989639401435852,phase1_09722,phase1_09734,BHXH Viet Nam: ong (BA) da du d13u kien nh4n tien ho tro. Bam vao www.vfde3.icu. QUA HAN SE KHONG DUOC CHAP NHAN! pA3s,BHXH Viet Nam: ong (BA) da du d13u kien nh4n TIEN ho tro quy. Bam vao www.vde32.icu. QUA HAN SE KHONG DUOC CHAP NHAN! cV1b
0.9896312952041626,phase1_08284,phase1_10106,Bo LD-TB-XH: Ong (Ba) da du dieu kien nh4n t1en tu quy BHTN. Bam vao www.zxcvb.icu de hoan tat. QUA HAN SE KHONG DUOC CHAP NHAN! qR5t,Bo LD-TB-XH: Ong (Ba) da du dieu kien nhan t1en tu quy BHTN. Bam vao www.cxvbn.icu. QUA HAN SE KHONG DUOC CHAP NHAN! jU9k
0.9895861148834229,phase1_10542,phase1_10120,Hoan thue TNCN: Ong (Ba) da du dieu kien NHAN T1EN tu Quyet dinh BHXH. Bam vao www.rfvtgb.icu. QUA HAN SE KHONG DUOC CHAP NHAN. pO0o,Hoan thue TNCN: Ong (Ba) da du dieu kien NHAN T1EN tu quy BHTN. Bam vao www.vbgty.icu. QUA HAN SE KHONG DUOC CHAP NHAN! aS7d
0.9895793795585632,phase1_08045,phase1_07949,EMIME Company tuyển nhân viên làm tại nhà. Thu nhập 800k-2tr/ngày. Tuổi 23-65. Công việc đơn giản. Liên hệ Zalo: zalo.me/84966778899 Zalo: 84966778899,"EMIME Company tuyển nhân viên bán thời gian. Thu nhập 1tr-2tr/ngày, làm tại nhà. Tuổi 23-60. Liên hệ Zalo: zalo.me/84966778899 Zalo: 84966778899"
0.9895485639572144,phase1_09726,phase1_09738,Hoan thue TNCN: ong (BA) da du d13u kien nh4n tien hoan thue. Bam vao www.xsw23.icu. QUA HAN SE KHONG DUOC CHAP NHAN! fG9h,Hoan thue TNCN: ong (BA) da du d13u kien nh4n tien ho tro thue. Bam vao www.ju765.icu. QUA HAN SE KHONG DUOC CHAP NHAN! mQ7w
0.989520788192749,phase1_08997,phase1_09021,Quy~BHTN: B4N_da-du_D!EU*K!EN nh4n~T1EN h0~tro tu quy BH#TN. Bam vao www.mnbvc.icu. QUA-HAN SE KH0NG_DUOC CHAP_NHAN! xZ3c,Quy~BHTN: B4N_da-du*D!EU~K!EN nh4n_T1EN tu quy BH#TN. Bam vao www.asdfg.icu. QUA-HAN SE KH0NG_DUOC CHAP_NHAN! cX9z
0.9895079135894775,phase1_08294,phase1_08318,BHXH VN: Ong (Ba) da du dieu kien nh4n t1en tu quy BHTN. Bam vao www.bgtnh.icu de nhan. QUA HAN SE KHONG DUOC CHAP NHAN! mK4j,BHXH VN: Ong (Ba) da du dieu kien nh4n t1en ho tro tu quy BHTN. Bam vao www.nhuyt.icu. QUA HAN SE KHONG DUOC CHAP NHAN! vG7b
0.9894977807998657,phase1_08643,phase1_10100,"Theo NQ-116, ong (Ba) da du dieu kien NH4N T1EN tu quy BHTN. Bam vao www.fvgyb.icu. QUA HAN SE KHONG DUOC CHAP NHAN! pM9n",Hoan thue TNCN: Ong (Ba) da du dieu kien NHAN T1EN tu quy BHTN. Bam vao www.uytrf.icu. QUA HAN SE KHONG DUOC CHAP NHAN! nB7v
0.9894740581512451,phase1_09846,phase1_09856,H0 tro C0V1D-19: B4n_da~du D!EU^K!EN nh4n#T1EN tu QUY*BHXH. Bam vao www.xdrfv.icu. QUA HAN SE KH0NG_DUOC CHAP NHAN! sA1q,Tr0 cap C0V1D-19: B4n_da~du D!EU-K!EN nh4n_T1EN tu QUY*BHXH. Bam vao www.fvgbh.icu. QUA HAN SE KH0NG_DUOC CHAP NHAN! yH2n
0.989471971988678,phase1_08994,phase1_09000,Hoan thue TNCN: ong (B4) da du z!3u k!3n nh4n t13n h0 tr0 th30 NQ-116. Bam vao www.trewq.icu. QUA HAN SE KHONG DUOC CHAP NHAN! dS9a,Hoan thue TNCN: ong (B4) da du z!3u k!3n nh4n t13n h0 tr0 nam 2024. Bam vao www.lkjhf.icu. QUA HAN SE KHONG DUOC CHAP NHAN! uI2o
0.9894518852233887,phase1_05803,phase1_05793,[Thông báo] Bảo hiểm xã hội: Ông (Bà) đã đủ điều kiện nhận tiền từ quỹ Bảo hiểm thất nghiệp. Nhận tại www.asdfg.icu. QUÁ HẠN SẼ KHÔNG ĐƯỢC CHẤP NHẬN!,Bảo hiểm xã hội: Ông (Bà) đã đủ điều kiện nhận tiền từ quỹ Bảo hiểm thất nghiệp. Nhận tại www.asdfg.icu. QUÁ HẠN SẼ KHÔNG ĐƯỢC CHẤP NHẬN!
0.9894465804100037,phase1_08907,phase1_08910,H-N – T-e-l-e-g-r-a-m: T-i-m b-a-n t-i-n-h d-e-m n-a-y H-N. E-m r-a-t n-g-o-n. L-i-e-n h-e: t.me/hn_dem_nay_99 vCxZ,Đ-N – T-e-l-e-g-r-a-m: H-e-n h-o s-v d-i l-a-m t-h-e-m t-a-i D-N. E-m r-a-t n-g-o-n. L-i-e-n h-e: bit.ly/dn_sv_hot24 kLo9
0.9894342422485352,phase1_09312,phase1_09320,Am4z0n can tuy3n nv xu ly z0n hang TMzT tai nh4. Thu nhap 500k-3000k/ngay. Tu01 23-65. Lien he Z4l0: zalo.me/84989012345 Z4l0: 84989012345,Am4z0n can tuy3n nv xu ly z0n hang TMzT. Thu nhap 500k-3000k/ngay. Tu01 22-65. Lien he Z4l0: zalo.me/84966778899 Z4l0: 84966778899
0.9893741607666016,phase1_09884,phase1_09882,"8DAY t4nj 99k kh1 dky tai d8p3n.c0m. B4cc4r4t truc t13p, ch01 j4, x0 s0. Rut t13n 3 phut. CSKH 24/24","V7Bet t4nj 77k kh1 dky tai v5n9p.c0m. B4cc4r4t truc t13p, ch01 j4, x0 s0. Rut t13n 3 phut. CSKH 24/24"
0.9893244504928589,phase1_06792,phase1_06804,S-i-n-h-v-i-e-n-D-N-d-i-l-a-m-t-h-e-m. K-e-t-b-a-n-T-e-l-e-g-r-a-m-x-e-m-h-i-n-h: t.me/dn-sv-lam-them tY7u,H-e-n-h-o-t-i-n-h-m-o-t-d-e-m-D-N-T-e-l-e-g-r-a-m. C-l-i-c-k-x-e-m-a-n-h: t.ly/dn-dem-nong cN6v
0.989324152469635,phase1_05589,phase1_05819,Bảo hiểm xã hội Việt Nam: Ông (Bà) đã đủ điều kiện nhận TIỀN hỗ trợ quỹ Bảo hiểm thất nghiệp. Bấm vào www.asdfg.icu. QUÁ HẠN SẼ KHÔNG ĐƯỢC CHẤP NHẬN!,Bảo hiểm xã hội: Ông (Bà) đã đủ điều kiện nhận tiền hỗ trợ từ quỹ Bảo hiểm thất nghiệp. Bấm vào www.asdfgh.icu. QUÁ HẠN SẼ KHÔNG ĐƯỢC CHẤP NHẬN!
0.9892642498016357,phase1_09720,phase1_09732,Hoan thue TNCN: Ong (Ba) da du dieu kien nhan t1en thue TNCN. Bam vao www.ki987.icu. QUA HAN SE KHONG DUOC CHAP NHAN! uI5o,Hoan thue TNCN: Ong (Ba) da du dieu kien nhan t1en ho tro. Bam vao www.ki890.icu. QUA HAN SE KHONG DUOC CHAP NHAN! zX3c
0.9892454147338867,phase1_08633,phase1_08651,Bộ LĐ-TB-XH: Ông (Bà) đã đủ điều kiện NHẬN TIỀN hỗ trợ. Bấm vào www.ytrew.icu. QUÁ HẠN SẼ KHÔNG ĐƯỢC CHẤP NHẬN! jD2s,Bộ LĐ-TB-XH: Ông (Bà) đã đủ điều kiện NHẬN TIỀN hỗ trợ. Bấm vào www.yhnmj.icu. QUÁ HẠN SẼ KHÔNG ĐƯỢC CHẤP NHẬN! dS1a
0.9892219305038452,phase1_05766,phase1_05758,"T4i-App_G!ai-tr!^2Q-nh4n_300k. x3 n@p-dau. TLMN, X.0c-D.!a, N.0hu. L1nk: gtr44.cc/oP99l","T4i-App_G!ai-tr!^2Q-nh4n_288k. x3 n@p-dau. TLMN, X.0c-D.!a, N.0hu. L1nk: gtr2q.cc/dF45g"
0.9892069101333618,phase1_08899,phase1_08893,Tr0 cap NQ-116: BAN-da-du_D!EU K!EN nh4n*T1EN h0~tro tu quy BH#TN. Nh4n tai: www.tgbhu.icu. QUA-HAN_SE KHONG DUOC CHAP_NHAN! mK3j,Tr0 cap NQ-116: BAN-da-du_D!EU K!EN nh4n*T1EN h0~tro tu quy BH#TN. Nh4n tai: mo.asdfg.com. QUA-HAN_SE KHONG DUOC CHAP_NHAN! pV5n
0.9892059564590454,phase1_05567,phase1_05572,[Thông báo] Bảo hiểm xã hội: Bạn đã đủ điều kiện nhận tiền hỗ trợ từ quỹ Bảo hiểm thất nghiệp Nghị quyết 116. Bấm vào www.zkxpw.icu. QUÁ HẠN KHÔNG ĐƯỢC CHẤP NHẬN!,[Thông báo] Bảo hiểm xã hội: Bạn đã đủ điều kiện nhận tiền hỗ trợ từ quỹ Bảo hiểm thất nghiệp. Bấm vào www.cxzsq.icu. QUÁ HẠN KHÔNG ĐƯỢC CHẤP NHẬN!
0.9891713261604309,phase1_08315,phase1_08303,HO-tr0_C0V1D! Ban*da~du-D!EU_K!EN nh4n-T1EN theo NQ-116. Bam_vao www.vfrde.icu. QUA-HAN*SE_KH0NG^DUOC-CHAP-NHAN! zA5q,HO-tro-C0V1D! Ban*da~du_D!EU_K!EN nh4n-T1EN tu quy BHTN. Bam_vao www.nhujm.icu. QUA-HAN*SE_KH0NG^DUOC_CHAP-NHAN! wE1q
0.9891641736030579,phase1_05647,phase1_10204,"Cty HVS cần tuyển nhân viên xử lý đơn đặt hàng TMĐT Amazon tại nhà. Thu nhập 500k~3000k/ngày, không cần kinh nghiệm. Yêu cầu 23-60 tuổi. Liên hệ Zalo: zalo.me/84901234567 Zalo: 84901234567","Amazon cần tuyển nhân viên xử lý đơn đặt hàng TMĐT tại nhà. Thu nhập 500k~3000k/ngày, thao tác đơn giản không cần kinh nghiệm. Yêu cầu 23-60 tuổi. Liên hệ Zalo: zalo.me/84901234567 Zalo: 84901234567"
0.9891066551208496,phase1_09728,phase1_09716,BHXH VN: Ong (Ba) da du dieu kien nhan t1en tu quy BHTN. Bam vao www.vfr45.icu. QUA HAN SE KHONG DUOC CHAP NHAN! hJ7k,BHXH VN: Ong (Ba) da du dieu kien nhan t1en ho tro tu quy BH-TN. Bam vao www.nbvca.icu. QUA HAN SE KHONG DUOC CHAP NHAN! qW9e
0.9889864921569824,phase1_06199,phase1_09319,EMIME Company tuyển nhân viên bán thời gian tại nhà. Thu nhập hấp dẫn 800.000đ/ngày. Yêu cầu tuổi từ 22-60. Liên hệ: zalo.me/84955667788 Zalo: 84955667788,"EMIME Company tuyển nhân viên bán thời gian. Thu nhập 800.000đ/ngày, làm tại nhà. Tuổi 22-60. Liên hệ Zalo: zalo.me/84955667788 Zalo: 84955667788"
0.9889628887176514,phase1_09338,phase1_09323,Shopee tuyen nv xu ly don hang v4 danh gia san ph4m. Thu nh4p 500k-1.5tr/ng4y. Tuoi 22-60. z4ng ky: zalo.me/84944556677,Lazada tuyen nv xu ly don hang v4 danh gia san ph4m. Thu nh4p 500k-1.5tr/ng4y. Tuoi 23-65. z4ng ky t41: zalo.me/84999001122
0.9889571666717529,phase1_05609,phase1_05593,"Theo Nghị quyết 116, Bạn đã đủ điều kiện nhận TIỀN từ quỹ Bảo hiểm thất nghiệp. Bấm vào www.plmok.icu. QUÁ HẠN SẼ KHÔNG ĐƯỢC CHẤP NHẬN!",Theo Nghị quyết 116: Bạn đã đủ điều kiện nhận TIỀN từ quỹ Bảo hiểm thất nghiệp. Bấm vào www.lkjmn.icu. QUÁ HẠN SẼ KHÔNG ĐƯỢC CHẤP NHẬN!
0.9889494180679321,phase1_07315,phase1_08176,"TB KHAN: Chung toi da nhac nho nhieu lan nhung O/B van bat hop tac. Truoc 17g hom nay chua thanh toan, Phong AN NINH DIEU TRA se vao cuoc dieu tra toan bo thong tin hinh anh cua O/B va nhung nguoi lien quan. Lien he: 84912654378.","[CANH CAO LAN CUOI]: Chung toi da nhac nho nhieu lan nhung O/B van bat hop tac. Truoc 17g hom nay chua thanh toan, Phong AN NINH DIEU TRA se vao cuoc dieu tra toan bo thong tin hinh anh cua O/B va nhung nguoi lien quan se phai chiu trach nhiem hinh su. LH: 84912654378."
0.9888890981674194,phase1_08613,phase1_08605,HO tro COVID-19: Ong (Ba) da du dieu kien NHAN T1EN theo NQ-116. Bam vao www.ytrfd.icu. QUA HAN SE KHONG DUOC CHAP NHAN. zX9c,HO tro COVID-19: Ong (Ba) da du dieu kien NHAN T1EN tu quy BHTN. Bam vao www.tgbnh.icu. QUA HAN SE KHONG DUOC CHAP NHAN. rT5y
0.9888121485710144,phase1_10091,phase1_10111,[BHXH] Quyet dinh BHXH: B4n_da-du D!EU_K!EN nh4n_T1EN ho~tro. Bam vao www.lkjhg.icu. QUA-HAN SE KHONG-DUOC CHAP NHAN! pH7g,[BHXH] Quyet dinh BHXH: B4n_da-du D!EU_K!EN nh4n_T1EN h0~tro. Bam vao www.vfrcd.icu. QUA-HAN SE KHONG-DUOC CHAP NHAN! bF7g
0.9887903928756714,phase1_08861,phase1_08843,Chuy3n.v13n.hu0ng.d4n.k13m.500k-1tr.m01.ng4y.qu4.Telegram. Bam.l1nk.v40.nh0m: t.me/nhom_kiemtien_tu_xa,G140.v13n.hu0ng.d4n.k13m.1tr-3tr.m01.ng4y.qu4.nh0m.Telegram.v1p. Bam.v40.l1nk: t.me/giaovien_huongdan_kiemtien
0.9887896180152893,phase1_08597,phase1_08613,HO tro COVID-19: Ong (Ba) da du dieu kien NHAN T1EN ho tro. Bam vao www.mnbvc.icu. QUA HAN SE KHONG DUOC CHAP NHAN. dS1a,HO tro COVID-19: Ong (Ba) da du dieu kien NHAN T1EN theo NQ-116. Bam vao www.ytrfd.icu. QUA HAN SE KHONG DUOC CHAP NHAN. zX9c
0.9887430667877197,phase1_08864,phase1_08894,[BHXH VN] ong (BA) da du dieu kien nh4n t1en ho tro tu quy BHTN. Bam vao www.plmqz.icu. QUA HAN SE KHONG DUOC CHAP NHAN! aXz9,BHXH VN: ong (BA) da du dieu k1en nh4n t1en ho tro tu quy BHTN. Bam vao www.ikmjn.icu. QUA HAN SE KHONG DUOC CHAP NHAN! gB7v
0.9886932969093323,phase1_06850,phase1_06326,Hoàn thuế TNCN: Ông (Bà) đã đủ điều kiện nhận tiền theo quyết định Bảo hiểm xã hội. Bấm vào www.asdfg.icu. QUÁ HẠN SẼ KHÔNG ĐƯỢC CHẤP NHẬN! hG6f,Hoàn Thuế TNCN: Ông (Bà) đã đủ điều kiện nhận tiền theo quyết định Bảo hiểm xã hội. Bấm vào www.asdfg.icu. QUÁ HẠN SẼ KHÔNG ĐƯỢC CHẤP NHẬN!
0.9886915683746338,phase1_05776,phase1_05770,"G!ai-tr!_2Q*B4cc4r4t~Truc-T!ep. Ch0i-g4, d1en-tu. CSKH-24/24-uy-t!n. DK: q2qmax.com","G!ai-tr!_2Q-B4cc4r4t~Truc-T!ep. Ch0i-g4, X0-s0. CSKH-24/24-G@me-uy-t!n. DK: q2qpro.com"
0.9886701107025146,phase1_09740,phase1_09728,BHXH VN: Ong (Ba) da du dieu kien nhan t1en ho tro BHTN. Bam vao www.lo987.icu. QUA HAN SE KHONG DUOC CHAP NHAN! wE5r,BHXH VN: Ong (Ba) da du dieu kien nhan t1en tu quy BHTN. Bam vao www.vfr45.icu. QUA HAN SE KHONG DUOC CHAP NHAN! hJ7k
0.9886215925216675,phase1_09963,phase1_09961,D.i.c.h. .v.u. .e.m. .u.t. .H.N. .-. .T.e.l.e.g.r.a.m. .t.m.e./.h.n._.e.m._.u.t._.v.i.p. V2nQ,K.e.t. .b.a.n. .v.u.i. .v.e. .c.u.n.g. .e.m. .H.N. .-. .T.e.l.e.g.r.a.m. .t.l.y./.h.n._.v.u.i._.v.e. R9tD
0.9885610938072205,phase1_09425,phase1_07943,T1kT0k dang tuyen nh4n vien xu ly don hang. Nh4n tien s4u 13-25 phut. Luong 800.000d/ng4y. Tuoi 22-65. Lien he Zalo: zalo.me/84912345678 Zalo: 84912345678,T1kt0k dang tuyen nh4n vien x-u-l-y don hang. Thu nh4p 800.000d/ng4y. Nhan tien s4u 15 phut. Tuoi 22-65. Lien he Zalo: zalo.me/84912345678 Zalo: 84912345678
0.9885271787643433,phase1_05618,phase1_05641,Quyết định Bảo hiểm xã hội: Ông (Bà) đã đủ điều kiện nhận tiền hỗ trợ. Bấm vào www.poiuz.icu. QUÁ HẠN SẼ KHÔNG ĐƯỢC CHẤP NHẬN!,Quyết định Bảo hiểm xã hội: Ông (Bà) đã đủ điều kiện nhận tiền. Bấm vào www.ikmju.icu. QUÁ HẠN SẼ KHÔNG ĐƯỢC CHẤP NHẬN!
0.9884854555130005,phase1_06308,phase1_06326,Thuế TNCN: Ông (Bà) đã đủ điều kiện hoàn tiền theo quyết định Bảo hiểm xã hội. Bấm vào www.ghijk.icu. QUÁ HẠN SẼ KHÔNG ĐƯỢC CHẤP NHẬN!,Hoàn Thuế TNCN: Ông (Bà) đã đủ điều kiện nhận tiền theo quyết định Bảo hiểm xã hội. Bấm vào www.asdfg.icu. QUÁ HẠN SẼ KHÔNG ĐƯỢC CHẤP NHẬN!
0.9884666204452515,phase1_08481,phase1_09912,Am4z0n can tuyen nh4n vien xu ly don hang TMDT t41 nha. Thu nhap 500k-3000k/ngay. Tuoi 22-60. Lien he Zalo: zalo.me/84912348765 Zalo: 84912348765,Am4z0n can tuyen nh4n vien xu ly don d4t hang TMDT t41 nha. Thu nhap 500k-3000k/ngay. Tuoi 23-60. Lien he Zalo: zalo.me/84902345678 Zalo: 84902345678
0.9884564280509949,phase1_06867,phase1_06855,H0 tr0 C0V1D-19: B4N_da-du_D!EU K!EN nh4n T1EN tu BH#TN. Bam vao www.mjuik.icu. QUA_HAN-SE-KH0NG_DUOC-CHAP-NHAN! wQ2a,H0 tr0 C0V1D-19: B4N_da-du*D!EU^K!EN nh4n T1EN tu BH#TN. Bam vao www.tgbyh.icu. QUA-HAN*SE-KH0NG_DUOC-CHAP-NHAN! tR3q
0.9884341955184937,phase1_09969,phase1_09961,E.m. .o. .k.h.u. .v.u.c. .Đ.N. .v.u.i. .v.e. .-. .T.e.l.e.g.r.a.m. .t.m.e./.d.n._.e.m._.n.e. G7hP,K.e.t. .b.a.n. .v.u.i. .v.e. .c.u.n.g. .e.m. .H.N. .-. .T.e.l.e.g.r.a.m. .t.l.y./.h.n._.v.u.i._.v.e. R9tD
0.9884178638458252,phase1_05600,phase1_05594,Bảo hiểm xã hội Việt Nam: Bạn đã đủ ĐIỀU KIỆN nhận TIỀN hỗ trợ Bảo hiểm thất nghiệp. Bấm vào www.ygvfc.icu. QUÁ HẠN SẼ KHÔNG ĐƯỢC CHẤP NHẬN!,[Thông báo] Bảo hiểm xã hội: Bạn đã đủ ĐIỀU KIỆN nhận TIỀN hỗ trợ Bảo hiểm thất nghiệp. Bấm vào www.vbcxz.icu. QUÁ HẠN SẼ KHÔNG ĐƯỢC CHẤP NHẬN!
0.9883898496627808,phase1_10337,phase1_09555,L4z4z4 tuy3n nv xu ly z0n hang v4 z4nh g14 f4n f4m. Thu nh4f 500k-1.5tr/ng4y. Tu01 22-65. Nhan t13n trong ngay. Z4l0: zalo.me/84945678123,L4z4z4 tuy3n nv xu ly z0n hang v4 z4nh g14 s4n f4m tai nh4. Tu01 22-60. Thu nhap 500k-1.5tr/ng4y. Nh4n t13n trong ngay. Z4l0: zalo.me/84912000012
0.9883400797843933,phase1_09315,phase1_09339,L4z4z4 tuy3n nv xu ly z0n + z4nh g14 s4n f4m. Thu nhap 800.000z/ng4y. Khong k1nh ngh13m. Tu01 23-65. z4ng ky: zalo.me/84911223344,L4z4z4 tuy3n nv xu ly z0n + z4nh g14 s4n f4m. Thu nhap 800.000z/ng4y. Tu01 23-65. z4ng ky tai: zalo.me/84955667788
0.9883397817611694,phase1_06849,phase1_06855,H0 tr0 C0V1D-19: B4N_da-du*D!EU^K!EN nh4n T1EN tu QUY-BHTN. Bam vao www.poiuy.icu. QUA-HAN*SE-KH0NG_DUOC-CHAP-NHAN! lK4j,H0 tr0 C0V1D-19: B4N_da-du*D!EU^K!EN nh4n T1EN tu BH#TN. Bam vao www.tgbyh.icu. QUA-HAN*SE-KH0NG_DUOC-CHAP-NHAN! tR3q
0.9882253408432007,phase1_05602,phase1_05600,Bảo hiểm xã hội: Bạn đã đủ ĐIỀU KIỆN nhận TIỀN từ quỹ Bảo hiểm thất nghiệp. Bấm vào www.tfvgy.icu. QUÁ HẠN SẼ KHÔNG ĐƯỢC CHẤP NHẬN!,Bảo hiểm xã hội Việt Nam: Bạn đã đủ ĐIỀU KIỆN nhận TIỀN hỗ trợ Bảo hiểm thất nghiệp. Bấm vào www.ygvfc.icu. QUÁ HẠN SẼ KHÔNG ĐƯỢC CHẤP NHẬN!
0.9881057143211365,phase1_09037,phase1_09045,3B4y tuy3n nv xu ly z0n hang TMZT. Lu0ng 500k-3000k/ngay. Tu01 22-60. Lien he Z4l0: zalo.me/84914334455 Z4l0: 84914334455,3B4y tuy3n nv xu ly z0n hang TMZT. Lu0ng 500k-3tr/ngay. Tu01 22-60. Lien he Z4l0: zalo.me/84922445566 Z4l0: 84922445566
0.9880691170692444,phase1_05592,phase1_05602,Bảo hiểm xã hội: Bạn đã đủ ĐIỀU KIỆN nhận TIỀN hỗ trợ từ quỹ Bảo hiểm thất nghiệp. Bấm vào www.poiuy.icu. QUÁ HẠN SẼ KHÔNG ĐƯỢC CHẤP NHẬN!,Bảo hiểm xã hội: Bạn đã đủ ĐIỀU KIỆN nhận TIỀN từ quỹ Bảo hiểm thất nghiệp. Bấm vào www.tfvgy.icu. QUÁ HẠN SẼ KHÔNG ĐƯỢC CHẤP NHẬN!
0.9879732131958008,phase1_08925,phase1_08910,H-N – T-e-l-e-g-r-a-m: H-e-n h-o s-i-n-h v-i-e-n H-N g-i-a r-e. L-a-m t-e-n n-o-i. T-e-l-e: t.me/hn_sv_9x oPi8,Đ-N – T-e-l-e-g-r-a-m: H-e-n h-o s-v d-i l-a-m t-h-e-m t-a-i D-N. E-m r-a-t n-g-o-n. L-i-e-n h-e: bit.ly/dn_sv_hot24 kLo9
0.9877957105636597,phase1_08290,phase1_08296,Bo LD-TB-XH: Ong (Ba) da du dieu kien nh4n t1en ho tro tu quy BHTN. Nhan tai mo.ytrew.com. QUA HAN SE KHONG DUOC CHAP NHAN! fG5h,Bo LD-TB-XH: Ong (Ba) da du dieu kien nh4n t1en ho tro tu BHXH. Nhan tai mo.mkiol.com. QUA HAN SE KHONG DUOC CHAP NHAN! uY7t
0.9877637624740601,phase1_08311,phase1_08299,Tro-cap_NQ-116: Ban^da~du*D!EU_K!EN-nh4n-T1EN tu BHXH VN. Nhan tai: mo.tgbnh.com. QUA*HAN-SE_KH0NG~DUOC_CHAP-NHAN! kI8u,Tro-cap_NQ-116: Ban^da~du*D!EU_K!EN nh4n-T1EN tu BHXH VN. Nhan tai: mo.zaqxs.com. QUA*HAN_SE_KH0NG~DUOC-CHAP-NHAN! hN5m
0.9877493381500244,phase1_08130,phase1_08176,"[CANH CAO LAN CUOI]: Chung toi da nhac nho nhieu lan nhung O/B van bat hop tac. Truoc 17g hom nay chua thanh toan, Phong AN NINH DIEU TRA se vao cuoc dieu tra hinh su ve hanh vi chiem doat tai san. LH: 84912654378.","[CANH CAO LAN CUOI]: Chung toi da nhac nho nhieu lan nhung O/B van bat hop tac. Truoc 17g hom nay chua thanh toan, Phong AN NINH DIEU TRA se vao cuoc dieu tra toan bo thong tin hinh anh cua O/B va nhung nguoi lien quan se phai chiu trach nhiem hinh su. LH: 84912654378."
0.9877485036849976,phase1_06854,phase1_06878,Bộ Lao động - Thương binh và Xã hội: Ông (Bà) đã đủ điều kiện nhận tiền theo quyết định Bảo hiểm xã hội. Bấm vào www.edcrf.icu. QUÁ HẠN SẼ KHÔNG ĐƯỢC CHẤP NHẬN! rE5w,Bộ Lao động - Thương binh và Xã hội: Ông (Bà) đã đủ điều kiện nhận tiền theo quyết định Bảo hiểm xã hội. Bấm vào www.lkmjn.icu. QUÁ HẠN SẼ KHÔNG ĐƯỢC CHẤP NHẬN! uY3t
0.9877450466156006,phase1_09041,phase1_09025,T1kt0k dang tuy3n nv l4m v13c tai nh4. Thu nhap 350k-999k/ngay. Nh4n t13n s4u 13 f-ut. Z4l0: zalo.me/84918334455 Z4l0: 84918334455,T1kt0k dang tuy3n nh4n v13n l4m v13c tai nh4. Thu nhap 350-999k/ngay. Nh4n t13n s4u 13-25 f-ut. Lien he Z4l0: zalo.me/84932223344 Z4l0: 84932223344
0.987733006477356,phase1_09570,phase1_09058,Sh0p33 tuy3n nv xu ly z0n hang v4 z4nh g14 s4n f4m. Thu nhap 500k-1.5tr/ng4y. Tu01 22-60. Z4l0: zalo.me/84927000027,Sh0p33 tuy3n nv xu ly z0n hang v4 zanh g14 s4n f4m. Thu nhap 500k-1.5tr/ng4y. Z4l0: zalo.me/84935556677
0.9876649379730225,phase1_08601,phase1_10542,Hoan thue TNCN: Ong (Ba) da du dieu kien nhan tien theo Quyet dinh BHXH. Bam vao www.asdfg.icu. QUA HAN SE KHONG DUOC CHAP NHAN. zX4c,Hoan thue TNCN: Ong (Ba) da du dieu kien NHAN T1EN tu Quyet dinh BHXH. Bam vao www.rfvtgb.icu. QUA HAN SE KHONG DUOC CHAP NHAN. pO0o
0.9876642227172852,phase1_06369,phase1_06358,H-e-n h-o t-i-n-h m-o-t d-e-m t-a-i D-a N-a-n-g. Đ-N – T-e-l-e-g-r-a-m: t.me/dn_1night_vjp Bn6g,H-e-n h-o k-i-n d-a-o t-a-i D-a N-a-n-g. Đ-N – T-e-l-e-g-r-a-m: t.me/dn_sweet_x Pk5m
0.9876301288604736,phase1_09967,phase1_09961,E.m. .t.e.n. .L.y. .2.0.t. .x.i.n.h. .t.u.o.i. .H.C.M. .-. .T.e.l.e.g.r.a.m. .t.m.e./.h.c.m._.l.y._.x. S1vG,K.e.t. .b.a.n. .v.u.i. .v.e. .c.u.n.g. .e.m. .H.N. .-. .T.e.l.e.g.r.a.m. .t.l.y./.h.n._.v.u.i._.v.e. R9tD
0.9876066446304321,phase1_06881,phase1_06857,Trợ cấp Nghị quyết 116: BẠN đã đủ ĐIỀU KIỆN nhận TIỀN từ quỹ Bảo hiểm thất nghiệp. Nhận tại: mo.plmko.com. QUÁ HẠN SẼ KHÔNG ĐƯỢC CHẤP NHẬN! sD9f,Trợ cấp Nghị quyết 116: BẠN đã đủ ĐIỀU KIỆN nhận TIỀN từ quỹ Bảo hiểm thất nghiệp. Nhận tại: mo.wsxza.com. QUÁ HẠN SẼ KHÔNG ĐƯỢC CHẤP NHẬN! vC9x
0.9875898361206055,phase1_06324,phase1_06318,Bộ Lao động - Thương binh và Xã hội: Bạn đã đủ điều kiện nhận tiền hỗ trợ theo Nghị quyết 116. Bấm vào www.vbcxz.icu. QUÁ HẠN SẼ KHÔNG ĐƯỢC CHẤP NHẬN!,Bộ Lao động - Thương binh và Xã hội: Bạn đã đủ điều kiện nhận tiền theo Nghị quyết 116. Bấm vào www.bgyza.icu. QUÁ HẠN SẼ KHÔNG ĐƯỢC CHẤP NHẬN!
0.9875526428222656,phase1_09905,phase1_10205,"TikTok tuyển gấp nhân viên xử lý đơn hàng trên nền tảng TikTok. Thu nhập 800.000đ/ngày, nhận tiền sau 13-25 phút. Độ tuổi 22-65. Liên hệ Zalo: zalo.me/84912345678 Zalo: 84912345678","TikTok cần tuyển nhân viên xử lý đơn hàng trên nền tảng TikTok, nhận tiền sau 13–25 phút. Thu nhập 800.000đ/ngày. Tuổi 22-60. Liên hệ Zalo: zalo.me/84912345678 Zalo: 84912345678"
0.9875427484512329,phase1_06822,phase1_06795,D-a-t-i-n-g-v-i-p-H-C-M-Z-a-l-o-h-e-n-h-o. V-a-o-n-h-o-m-x-e-m-m-a-u: zalo.me/g/sg-dating-vip uI8n,H-e-n-h-o-k-i-n-d-a-o-H-C-M-Z-a-l-o. A-n-h-v-a-o-n-h-o-m-x-e-m-m-a-u: zalo.me/g/hcm-luxury-girl pG6x
0.9875389337539673,phase1_09968,phase1_09961,T.i.m. .a.n.h. .t.r.a.i. .n.u.o.i. .H.N. .-. .Z.a.l.o. .b.i.t.l.y./.h.n._.s.u.g.a.r._.v.n. D4wX,K.e.t. .b.a.n. .v.u.i. .v.e. .c.u.n.g. .e.m. .H.N. .-. .T.e.l.e.g.r.a.m. .t.l.y./.h.n._.v.u.i._.v.e. R9tD
0.9874755144119263,phase1_08866,phase1_08896,Quy BHTN: ong (BA) da du dieu k1en nh4n t1en ho tro theo NQ-116. Bam vao www.zxcvb.icu. QUA HAN SE KHONG DUOC CHAP NHAN! bN2m,Bo LD-TB-XH: ong (BA) da du dieu k1en nh4n t1en ho tro theo NQ-116. Bam vao www.wsxcd.icu. QUA HAN SE KHONG DUOC CHAP NHAN! dF4g
0.987468421459198,phase1_08048,phase1_09442,"Shopee tuyen g4p nh4n vien danh gia san ph4m. Luong 500k-1.5tr/ng4y. Tuoi 22-60. Lam t41 nha, nhan luong ngay. Zalo: zalo.me/84900112233",Shopee tuyen nh4n vien danh gia san pham. Luong 500k-1.5tr/ng4y. Tuoi 22-60. Lam t41 nha khong kinh nghiem. Zalo: zalo.me/84703334445
0.9874634742736816,phase1_10557,phase1_10539,QUY_BHTN_T.B: B4N!da~du D!EU*K!EN nHAn t1en_ho^tro COVID-19. Bam vao www.yhnujm.icu. QUA-HAN SE KHONG DUOC CHAP NHAN! sX3e,QUY-BHTN_thong_bao: B4N!da~du D!EU K!EN nHAn t1en_ho^tro COVID-19. Bam vao www.xcvbnm.icu. QUA-HAN SE KHONG DUOC CHAP NHAN! aD4f
0.9874078035354614,phase1_09704,phase1_08864,BHXH VN: ong (BA) da du d13u kien nh4n TIEN ho tro tu quy BH-TN. Bam vao www.asdfg.icu. QUA HAN SE KHONG DUOC CHAP NHAN! xYz1,[BHXH VN] ong (BA) da du dieu kien nh4n t1en ho tro tu quy BHTN. Bam vao www.plmqz.icu. QUA HAN SE KHONG DUOC CHAP NHAN! aXz9
0.9874069690704346,phase1_08625,phase1_10084,[TB] BHXH: ong (Ba) da du dieu kien NH4N T1EN ho tro tu quy BH-TN. Bam vao www.xtpqa.icu de nhan. QUA HAN SE KHONG DUOC CHAP NHAN! gH2k,BHXH V1et N4m: ong (BA) da du dieu kien NHAN T1EN ho tro tu quy BH-TN. Bam vao www.plmza.icu de nhan. QUA HAN SE KHONG DUOC CHAP NHAN! aG6f
0.9873956441879272,phase1_05812,phase1_05820,Bạn đã đủ Điều Kiện nhận TIỀN hỗ trợ từ quỹ Bảo hiểm thất nghiệp. Nhận tại www.lkjhgf.icu. QUÁ HẠN SẼ KHÔNG ĐƯỢC CHẤP NHẬN!,Bạn đã đủ Điều Kiện nhận TIỀN từ quỹ Bảo hiểm thất nghiệp - Nghị quyết 116. Nhận tại www.lkjhgf.icu. QUÁ HẠN SẼ KHÔNG ĐƯỢC CHẤP NHẬN!
0.9873901605606079,phase1_09966,phase1_09961,H.e.n. .h.o. .v.u.i. .v.e. .q.u.a. .d.e.m. .H.N. .-. .Z.a.l.o. .b.i.t.l.y./.h.n._.d.e.m._.v.i.p. F8mH,K.e.t. .b.a.n. .v.u.i. .v.e. .c.u.n.g. .e.m. .H.N. .-. .T.e.l.e.g.r.a.m. .t.l.y./.h.n._.v.u.i._.v.e. R9tD
0.9873703718185425,phase1_09056,phase1_09053,Am4z0n can tuy3n nv xu ly z0n z4t hang TMZT. Lu0ng 500k-3tr/ngay. Tu01 22-60. Z4l0: zalo.me/84933556677 Z4l0: 84933556677,3B4y can tuy3n nv xu ly z0n z4t hang TMZT. Lu0ng 500k-3tr/ngay. Tu01 22-60. Z4l0: zalo.me/84920445566 Z4l0: 84920445566
0.9873244166374207,phase1_10244,phase1_08312,BHXH Viet Nam: Ong (Ba) da du dieu kien nh4n t1en ho tro tu quy BHTN. Bam vao www.vksda.icu. QUA HAN SE KHONG DUOC CHAP NHAN. gH3k,BHXH Viet Nam: Ong (Ba) da du dieu kien nh4n t1en tu quy BHTN. Bam vao www.swder.icu. QUA HAN SE KHONG DUOC CHAP NHAN! xS2w
0.9872919321060181,phase1_06314,phase1_06330,Hoan Thue TNCN: B4N_da-du D!EU K!EN nh4n T1EN tu quy BH#TN. Bam vao www.oiuyt.icu. QUA-HAN SE KH0NG_DUOC CHAP NHAN! rE2w,Bo LDTBXH: B4N_da-du D!EU K!EN nh4n T1EN ho~tro tu quy BH#TN. Bam vao www.plokm.icu. QUA-HAN SE KH0NG_DUOC CHAP NHAN! mK1j
0.9872463941574097,phase1_06328,phase1_09728,BHXH VN: Ong (Ba) da du dieu kien nhan t1en tu quy BHTN. Bam vao www.zxcmn.icu. QUA-HAN SE KH0NG_DUOC CHAP NHAN! vC8x,BHXH VN: Ong (Ba) da du dieu kien nhan t1en tu quy BHTN. Bam vao www.vfr45.icu. QUA HAN SE KHONG DUOC CHAP NHAN! hJ7k
0.9872431755065918,phase1_08870,phase1_09722,BHXH Viet Nam: ong (BA) da du dieu k1en nh4n t1en ho tro. Bam vao www.lkjhg.icu. QUA HAN SE KHONG DUOC CHAP NHAN! pO0e,BHXH Viet Nam: ong (BA) da du d13u kien nh4n tien ho tro. Bam vao www.vfde3.icu. QUA HAN SE KHONG DUOC CHAP NHAN! pA3s
0.9872212409973145,phase1_07942,phase1_10204,"Amazon cần tuyển nhân viên xử lý đơn đặt hàng TMĐT tại nhà. Thu nhập 500k-3000k/ngày. Yêu cầu 23-60 tuổi, thao tác đơn giản. Liên hệ Zalo: zalo.me/84901234567 SĐT: 84901234567","Amazon cần tuyển nhân viên xử lý đơn đặt hàng TMĐT tại nhà. Thu nhập 500k~3000k/ngày, thao tác đơn giản không cần kinh nghiệm. Yêu cầu 23-60 tuổi. Liên hệ Zalo: zalo.me/84901234567 Zalo: 84901234567"
0.9872184991836548,phase1_09886,phase1_09884,"Awin t4nj 50k kh1 dky tai a2n8p.c0m. B4cc4r4t truc t13p, ch01 j4, x0 s0. Rut t13n 3 phut. CSKH 24/24","8DAY t4nj 99k kh1 dky tai d8p3n.c0m. B4cc4r4t truc t13p, ch01 j4, x0 s0. Rut t13n 3 phut. CSKH 24/24"
0.9872146844863892,phase1_08637,phase1_08655,"Theo quyết định BHXH, Ông (Bà) đã đủ điều kiện NHẬN TIỀN. Bấm vào www.ijnuh.icu. QUÁ HẠN SẼ KHÔNG ĐƯỢC CHẤP NHẬN! qW4e","Theo quyết định BHXH, Ông (Bà) đã đủ điều kiện NHẬN TIỀN. Bấm vào www.edcrf.icu. QUÁ HẠN SẼ KHÔNG ĐƯỢC CHẤP NHẬN! xV2b"
0.9871640205383301,phase1_06846,phase1_06876,[Thông báo] Bảo hiểm xã hội Việt Nam: Ông (Bà) đã đủ điều kiện nhận tiền hỗ trợ từ quỹ Bảo hiểm thất nghiệp. Bấm vào www.kjhgf.icu. QUÁ HẠN SẼ KHÔNG ĐƯỢC CHẤP NHẬN! qW3r,Bảo hiểm xã hội Việt Nam: Ông (Bà) đã đủ điều kiện nhận tiền hỗ trợ từ quỹ Bảo hiểm thất nghiệp. Bấm vào www.bhxhn.icu. QUÁ HẠN SẼ KHÔNG ĐƯỢC CHẤP NHẬN! jK0l
0.9871141910552979,phase1_09695,phase1_09461,3B4y can tuyen nh4n vien xu ly z0n hang. Thu nh4p 500k-3000k/ngay. Tuoi 22-60. Zalo: zalo.me/84566778899 Zalo: 84566778899,3B4y tuyen nh4n vien xu ly don hang. Luong 500k-3tr/ngay. Tuoi 23-65. Th40 t4c z0n g14n. Zalo: zalo.me/84566778899 Zalo: 84566778899
0.9870221614837646,phase1_09957,phase1_09960,T.i.m. .b.a.n. .h.e.n. .h.o. .k.i.n. .d.a.o. .H.C.M. .-. .T.e.l.e.g.r.a.m. .t.m.e./.h.c.m._.k.i.n._.d.a.o. Gz2X,E.m. .d.a.n.g. .c.o. .d.o.n. .t.a.i. .H.C.M. .-. .Z.a.l.o. .z.a.l.o.m.e./.g./.h.c.m._.p.v._.n.o.w. J6rK
0.9869849681854248,phase1_06035,phase1_06195,Lazada tuyển nhân viên xử lý đơn + đánh giá sản phẩm. Thu nhập 500.000 - 1 triệu đồng/ngày. Tuổi 23-65. Không kinh nghiệm. Zalo: zalo.me/84712345678,Lazada tuyển nhân viên xử lý đơn + đánh giá sản phẩm. Thu nhập 500.000-1 triệu đồng/ngày. Tuổi 23-65. Không cần kinh nghiệm. Zalo: zalo.me/84911223344
0.9869709014892578,phase1_07947,phase1_09317,"3b4y can nv xu ly z0n z4t hang TMzT. Th40 t4c z0n g14n, lam t41 nha. Thu nh4p 500k-3000k/ngay. Tuoi 22-60. Zalo: zalo.me/84944556677 Zalo: 84944556677",3B4y tuyen nv xu ly z0n TMzT t41 nha. Thu nh4p 500k-3000k/ngay. Tuoi 22-60. Th40 t4c z0n g14n. Lien he Zalo: zalo.me/84933445566 Zalo: 84933445566
0.9869623184204102,phase1_07263,phase1_08627,Hoan thue TNCN: Ban da du dieu kien nhan t1en tu Bo LD-TB-XH. Bam vao www.asdfg.icu. QUA HAN SE KHONG DUOC CHAP NHAN! dS3a,Quyet d!nh BHXH: Ong (Ba) da du dieu kien nhan tro cap tu Bo LD-TB-XH. Bam vao www.asdfg.icu. QUA HAN SE KHONG DUOC CHAP NHAN! pL5r
