sample_id,content,label,has_url,has_phone_number,sender_type,category,obfuscation_level,data_origin,teacher_model,teacher_version,teacher_logit_0,teacher_logit_1,teacher_p0_t1,teacher_p1_t1,teacher_p0_t2,teacher_p1_t2,teacher_temperature,teacher_pred,teacher_confidence,teacher_agree_label,distill_weight,split,disagreement_type,confidence_bucket
ViSmish_07241,ACB: Tran trong thong bao.Tai khoản cua quy khach hien tai da bi khoa.Dang nhap https://onlinenhbidv.com de xac thuc ngay hom,1,1,0,personal_number,Giả mạo ngân hàng,Level 0 - Formal,real,vinai/phobert-base,/kaggle/working/distillation_teacher_phobert_base/model,3.588052,-3.6319551,0.9992687,0.0007312621,0.9736607,0.02633923,2.0,0,0.9992687,False,0.3,test_challenge,false_negative,>=0.99
ViSmish_08719,Mega88_Tuyển Cộng Tác Viên_Thưởng đến 70%,1,1,1,shortcode,Cờ bạc / Betting,Level 0 - Formal,paraphrased,vinai/phobert-base,/kaggle/working/distillation_teacher_phobert_base/model,3.3775733,-3.3430982,0.99879575,0.0012042762,0.96644163,0.03355833,2.0,0,0.99879575,False,0.3,test_challenge,false_negative,>=0.99
ViSmish_01280,Thí sinh lưu ý: Chỉ còn 2 ngày nữa để đăng ký nguyện vọng vào Đại học FPT bằng cách truy cập vào hệ thống hỗ trợ tuyển sinh chung của Bộ GD&ĐT theo địa chỉ: https://thisinh.thithptquocgia.edu.vn/. Hotline hỗ trợ tư vấn: 02873005588,0,1,1,brandname,Khác,NONE,real,vinai/phobert-base,/kaggle/working/distillation_teacher_phobert_base/model,-2.8074322,2.9135466,0.0032658023,0.99673426,0.054141633,0.94585836,2.0,1,0.99673426,False,0.3,test_challenge,false_positive,>=0.99
ViSmish_02806,[ThueDienTu] Thông báo: Đã nhận được khoản thanh toán thuế môn bài năm 2024 của MST 0314556677. Số tiền: 2.000.000đ. Trạng thái: Đã hoàn tất.,0,0,1,brandname,Dịch vụ công thật,NONE,synthetic,vinai/phobert-base,/kaggle/working/distillation_teacher_phobert_base/model,-1.9882336,2.0231485,0.017786268,0.98221374,0.118606694,0.8813933,2.0,1,0.98221374,False,0.3,test_challenge,false_positive,0.95-0.99
ViSmish_10097,"TNEX Ma OTP cua ban 632900, se het han sau 2 phut. Vui long KHONG chia se ma cho bat ky ai voi bat ky ly do nao https//vi.ecmjJ7U4frh",1,1,0,personal_number,Giả mạo ngân hàng,Level 2 - Leet nặng,real,vinai/phobert-base,/kaggle/working/distillation_teacher_phobert_base/model,3.7103167,-3.7413256,0.9994199,0.0005801509,0.97647357,0.02352648,2.0,0,0.9994199,False,0.3,test_mixed,false_negative,>=0.99
ViSmish_10149,"HUIT-Chucmung Ban da TRUNG TUYEN CHINH THUC! Moi ban den HUIT nhap hoc tu ngay 18/8 den 17h00 ngay 27/8/2024. Dong thoi HUIT tang ngay uu dai 3 trieu dong danh cho 2.000 thi sinh nhap hoc som nhat. Tra cuu ket qua tai: huit.edu.vn/kqtt. Lien hẹ: 02871085555, 0949981717, Zalo:",1,1,1,brandname,Khác,Level 2 - Leet nặng,real,vinai/phobert-base,/kaggle/working/distillation_teacher_phobert_base/model,3.1156068,-3.012706,0.99782455,0.002175513,0.9553898,0.044610213,2.0,0,0.99782455,False,0.3,test_mixed,false_negative,>=0.99
ViSmish_06104,"Ben Em nhan lam cac loai gplx may,oto..chung minh thu,can cuoc,dang ki xe,bang cap 3 den dai hoc va tat ca giay to khac,LH 0877.607.954 giao hang thu tien",1,0,1,personal_number,Khác,Level 0 - Formal,real,vinai/phobert-base,/kaggle/working/distillation_teacher_phobert_base/model,3.059936,-3.048665,0.99778134,0.0022187259,0.9549678,0.045032166,2.0,0,0.99778134,False,0.3,test_mixed,false_negative,>=0.99
ViSmish_00445,"DIEN LUC thong bao khach hang Lê Thị Hoa PE07QN0345678, co tong so hoa don 1, voi tong tien: 607262dong. De nghi Quy khach thanh toan trong vong 2 ngay ke tu khi nhan duoc tin nhan. Neu Quy khach da thanh toan, vui long bo qua tin nhan nay.",1,0,0,brandname,Dịch vụ công giả,Level 1 - Leet nhẹ,real,vinai/phobert-base,/kaggle/working/distillation_teacher_phobert_base/model,2.16183,-2.1295524,0.98649883,0.013501216,0.89526546,0.10473456,2.0,0,0.98649883,False,0.3,test_mixed,false_negative,0.95-0.99
ViSmish_02825,Mời bạn tham gia  Webinar: 1001 sự thật về FPT. Hẹn gặp tại Zoom ID: 862 4470 8778 hoặc link zoom: https://us02web.zoom.us/j/86244708778 Pass: FPT. Hỗ trợ kỹ thuật tại: https://www.facebook.com/FPTU.HCM,0,1,0,brandname,Khác,NONE,real,vinai/phobert-base,/kaggle/working/distillation_teacher_phobert_base/model,-3.7024279,3.7577448,0.0005752257,0.9994248,0.023428692,0.9765713,2.0,1,0.9994248,False,0.3,test_real,false_positive,>=0.99
ViSmish_02851,"[TB] Tien ich Loi nhan thoai cua Viettel: Quy khach co loi nhan tu TB 0848836182 vao luc 08:09 27/03/2025. Voi noi dung: kính chào quý khách đây là cuộc gọi tự động từ ngân hàng FE Credit nhằm hỗ trợ thông tin khoản vay quý khách vui lòng nghe hết cuộc gọi và làm theo hướng dẫn để hệ thống ghi nhận cam kết thanh toán quý khách hiện có khoản vay quán hạn cao ngày nhất là 450 ngày tổng số tiền quá hạn cần thanh toán trong hôm nay là 6367474 đồng quý khách vui lòng thanh toán ngay hôm nay để tránh bị chuyển nhóm nợ cao hơn và ảnh hưởng đến việc vay vốn tại các tổ chức tín dụng nếu quý khách đã thanh toán vui lòng bấm phím một cam kết thanh toán ngay hôm nay vui lòng nhấn phím hai cần gặp tổng đài viên vui lòng nhấn phím ba kính chúc quý khách một ngày tốt lành xin cảm ơn và tạm biệt quý khách kính chào quý khách đây là cuộc gọi tự động từ ngân hàng... De nghe loi nhan thoai, vui long bam goi 106226 (mien phi).",1,0,1,shortcode,Đòi nợ / Đe dọa,Level 2 - Leet nặng,real,vinai/phobert-base,/kaggle/working/distillation_teacher_phobert_base/model,3.6848965,-3.6423836,0.9993431,0.00065692735,0.9750019,0.02499809,2.0,0,0.9993431,False,0.3,test_real,false_negative,>=0.99
ViSmish_09772,Tuyen sinh Thac si QKTD Quoc te IEMBA cua DH Quan Tri Paris (Top 10 Truong KD hang dau cua Phap). Ctrinh lien ket cung DH Kinh te Qdan. 0931702696. www.pgsm.edu.vn,1,1,1,personal_number,Khác,Level 2 - Leet nặng,real,vinai/phobert-base,/kaggle/working/distillation_teacher_phobert_base/model,3.6377816,-3.6322744,0.9993044,0.00069558894,0.974295,0.02570502,2.0,0,0.9993044,False,0.3,test_real,false_negative,>=0.99
ViSmish_07801,Vietcombank quý khách hiện có 8237 điểm thưởng đủ để đổi IP 15 128G miễn phí lưu ý điểm thưởng hết hạn vào ngày 19/07 và không thể khôi phục sau ngày hết hạn Vui lòng đổi điểm trc khi mất quyền lợi đg link https://j8sk.vip/doidiemVCB,1,1,0,brandname,Giả mạo ngân hàng,Level 2 - Leet nặng,real,vinai/phobert-base,/kaggle/working/distillation_teacher_phobert_base/model,3.6409883,-3.6206887,0.9992986,0.0007014377,0.9741899,0.025810149,2.0,0,0.9992986,False,0.3,test_real,false_negative,>=0.99
ViSmish_06076,"Ps  nhan luon 588k vao vi khi cai app va dang ky, Mong ban dai thang drwhcP.GeqrE.me fr",1,1,0,personal_number,Cờ bạc / Betting,Level 0 - Formal,real,vinai/phobert-base,/kaggle/working/distillation_teacher_phobert_base/model,3.413375,-3.4236326,0.9989278,0.0010721596,0.9682778,0.031722154,2.0,0,0.9989278,False,0.3,test_real,false_negative,>=0.99
ViSmish_07149,"E Ho Cho Cap Lai, lam Bang Lai Xe Cac Loai A,B,C,D..Cung Cap Cac Loai Giay To Khac CCCD,Bang DH,Cdang,TCap. GiaoHang va ThanhToan Tai Nha LH 0986557450 Rsmv",1,0,1,personal_number,Khác,Level 0 - Formal,real,vinai/phobert-base,/kaggle/working/distillation_teacher_phobert_base/model,3.4209352,-3.3823197,0.99889106,0.0011089245,0.9677554,0.03224464,2.0,0,0.99889106,False,0.3,test_real,false_negative,>=0.99
ViSmish_01801,TPbank: Tran trong thong bao.Tai khoan cua quy khach hien tai da hi khoa Dang nhap https://ebank.tbplik.com de xac thuc ngay hom nay.,1,1,0,personal_number,Giả mạo ngân hàng,Level 0 - Formal,real,vinai/phobert-base,/kaggle/working/distillation_teacher_phobert_base/model,3.3813949,-3.3541229,0.9988135,0.0011865507,0.96668166,0.033318426,2.0,0,0.9988135,False,0.3,test_real,false_negative,>=0.99
ViSmish_08713,VCB Digibank thong bao.tai khoan cua quy khach da dang nhap o mot thiet bi khac.neu khong phai ban vui long dang nhap www.vcbdiglhtbink.com de xac thuc tranh bi lua dao chiem dung tai khoan ban!,1,1,0,brandname,Giả mạo ngân hàng,Level 0 - Formal,real,vinai/phobert-base,/kaggle/working/distillation_teacher_phobert_base/model,3.3070316,-3.3164015,0.99867296,0.0013270975,0.9648286,0.035171423,2.0,0,0.99867296,False,0.3,test_real,false_negative,>=0.99
ViSmish_10156,"HSBC Bank thong bao: Ban co 14022 diem thuong het han trong vong 24 gio, bam https://hsbc-vnd.top/ de doi qua.",1,1,0,brandname,Giả mạo ngân hàng,Level 2 - Leet nặng,real,vinai/phobert-base,/kaggle/working/distillation_teacher_phobert_base/model,3.2659006,-3.2476435,0.998519,0.0014810171,0.9629157,0.037084304,2.0,0,0.998519,False,0.3,test_real,false_negative,>=0.99
ViSmish_00866,"A goi vao so 1900788938 de noi chuyen va tam su voi em nhe. A goi luon cho em nha, Em co viec, A khong goi khong duoc dau nha!",1,0,1,personal_number,Nội dung nhạy cảm,Level 0 - Formal,real,vinai/phobert-base,/kaggle/working/distillation_teacher_phobert_base/model,3.0042648,-3.0204568,0.99758756,0.002412391,0.9531294,0.046870567,2.0,0,0.99758756,False,0.3,test_real,false_negative,>=0.99
ViSmish_05245,"CSGT khuyến cáo: Chạy xe hàng ba, lạng lách, đánh võng là hành vi đặc biệt nguy hiểm, có thể gây tai nạn nghiêm trọng. Hãy lái xe an toàn, văn minh!",0,0,0,brandname,Dịch vụ công thật,NONE,real,vinai/phobert-base,/kaggle/working/distillation_teacher_phobert_base/model,-1.9259709,1.9314954,0.02068456,0.9793154,0.12689087,0.8731091,2.0,1,0.9793154,False,0.3,test_real,false_positive,0.95-0.99
ViSmish_08041,"MCREDIT THONG BAO: HD 1000320070070400 - HO NGOC HOAI QUAN da tre hen thanh toan 17 ngay. So tien qua han: 1,947,000d(bao gom lai qua han). Thanh toan gap trong hom nay.",1,0,0,personal_number,Giả mạo ngân hàng,Level 2 - Leet nặng,real,vinai/phobert-base,/kaggle/working/distillation_teacher_phobert_base/model,1.8605036,-1.7694069,0.9741665,0.025833491,0.8599597,0.14004031,2.0,0,0.9741665,False,0.3,test_real,false_negative,0.95-0.99
ViSmish_01527,"DIEN LUC thong bao khach hang Trần Văn Bình PE15HN0234567, co tong so hoa don 1, voi tong tien: 160956dong. De nghi Quy khach thanh toan trong vong 2 ngay ke tu khi nhan duoc tin nhan. Neu Quy khach da thanh toan, vui long bo qua tin nhan nay.",1,0,0,brandname,Dịch vụ công giả,Level 1 - Leet nhẹ,real,vinai/phobert-base,/kaggle/working/distillation_teacher_phobert_base/model,1.494185,-1.4558884,0.95026696,0.049733046,0.81382173,0.18617827,2.0,0,0.95026696,False,0.3,test_real,false_negative,0.95-0.99
ViSmish_03909,"(TPBank) Tu 01/07/22, TPBank dieu chinh DV thong bao Bien dong so du tai khoan - SMS Banking. Xem chi tiet cac goi DV tai websits hoac LH 19006036/1902585885",1,0,1,personal_number,Giả mạo ngân hàng,Level 0 - Formal,real,vinai/phobert-base,/kaggle/working/distillation_teacher_phobert_base/model,3.6797414,-3.613114,0.99932015,0.00067992,0.9745789,0.025421057,2.0,0,0.99932015,False,0.3,train,false_negative,>=0.99
ViSmish_04614,"Vietcombank nhan duoc yeu cau KICH HOAT LAI UNG DUNG VCB DIGIBANK. Neu Quy khach KHONG CHU DONG yeu cau, TUYET DOI KHONG CUNG CAP HOAC XAC NHAN BANG MA OTP de tranh rui ro bi CHIEM DOAT TAI 29,111,111VND luc 25-11-2022 15:26:45. SD 46,027VND. Ret",1,0,0,personal_number,Giả mạo ngân hàng,Level 2 - Leet nặng,real,vinai/phobert-base,/kaggle/working/distillation_teacher_phobert_base/model,3.427948,-3.4209197,0.9989405,0.0010595325,0.9684595,0.031540513,2.0,0,0.9989405,False,0.3,train,false_negative,>=0.99
ViSmish_09829,"Chi con 5 phut, Hoi thao Hoi&Dap Tuyen sinh 2022 - Dai hoc FPT se bat dau. Moi Quy PH-HS tham du bang duong link: https://us02web.zoom.us/j/84853187652 hoac Zoom ID: 848 5318 7652. Mat khau vao phong: FPT. Hotline (028) 7300 5588.",1,1,1,brandname,Khác,Level 2 - Leet nặng,real,vinai/phobert-base,/kaggle/working/distillation_teacher_phobert_base/model,3.2605586,-3.2021172,0.9984419,0.0015581821,0.9619967,0.0380033,2.0,0,0.9984419,False,0.3,train,false_negative,>=0.99
ViSmish_08221,Chuc mung ban da nhan duoc 1 chiec dien thoai E770i tu chuong trinh Quay So Ngau Nhien cua Mobifone. SoanTin: XU E770i31 va gui 4 lan den 6769 de xem chi tiet,1,0,0,shortcode,Khác,Level 0 - Formal,real,vinai/phobert-base,/kaggle/working/distillation_teacher_phobert_base/model,3.1656222,-3.1831844,0.99825424,0.0017457802,0.95985955,0.04014042,2.0,0,0.99825424,False,0.3,train,false_negative,>=0.99
ViSmish_02310,Su dung cuoc mien phi khong can nap S73qtEP ! Cuoc vào 3+ su kien (ty le tu 1.4). Hieu luc den 23.08 Kiem tra tai Cài dat tài khoan. https://slim.link/CbB DLS,1,1,0,personal_number,Cờ bạc / Betting,Level 0 - Formal,real,vinai/phobert-base,/kaggle/working/distillation_teacher_phobert_base/model,2.975967,-2.9112859,0.9972331,0.0027669112,0.94996136,0.05003861,2.0,0,0.9972331,False,0.3,train,false_negative,>=0.99
ViSmish_08807,[HDBank] Lãi suất tiết kiệm online kỳ hạn 6 tháng tăng lên 6.5%/năm. Đăng ký ngay tại https://hdbank.com.vn.,0,1,0,brandname,Ngân hàng thật,NONE,synthetic,vinai/phobert-base,/kaggle/working/distillation_teacher_phobert_base/model,-2.8639717,2.9967506,0.0028410894,0.9971589,0.050672945,0.94932705,2.0,1,0.9971589,False,0.3,train,false_positive,>=0.99
ViSmish_05732,Western Union TB: Vietcombank: 0071000986547. Trần Thị Lan. Ref +19.56 USD. Nhận 500.000 VND. Ngay 02/02/2025. Mgd: 1057425286. Nd: COC TIEN HANG. Quý khách nhận tiền VND vào website: https://sites.google.com/view/chuyennhantiennhanhquocte24h7,1,1,0,personal_number,Giả mạo ngân hàng,Level 2 - Leet nặng,real,vinai/phobert-base,/kaggle/working/distillation_teacher_phobert_base/model,2.6504993,-2.583774,0.9946976,0.0053024306,0.93195635,0.068043634,2.0,0,0.9946976,False,0.3,train,false_negative,>=0.99
ViSmish_05432,"CHÚ Ý: NẾU CÓ BẤT KỲ THÍ SINH NÀO VÌ LÝ DO NGOÀI MONG MUỐN MÀ CHƯA ĐĂNG KÝ ĐƯỢC NGUYỆN VỌNG XÉT TUYỂN VÀO CÁC TRƯỜNG ĐẠI HỌC, THÔNG TIN NGAY VỀ VỤ GIÁO DỤC ĐẠI HỌC (Bộ GDĐT) QUA ĐỊA CHỈ EMAIL: pvluong@moet.gov.vn TRONG VÒNG 03 NGÀY TỪ 21/8/2022 ĐẾN 23/8/2022. *Thông tin từ Bộ Giáo dục và Đào tạo",0,1,0,brandname,Khác,NONE,real,vinai/phobert-base,/kaggle/working/distillation_teacher_phobert_base/model,-1.9439491,2.1211348,0.016871998,0.98312795,0.115828335,0.88417166,2.0,1,0.98312795,False,0.3,train,false_positive,0.95-0.99
ViSmish_02125,"Kinh gui Phu Huynh thong tin kiem tra tieng Anh, giup dinh huong tot hon cho su phat trien cac ky nang tieng anh cua con: Link https://bit.ly/ibischooltesta",1,1,0,personal_number,Khác,Level 0 - Formal,real,vinai/phobert-base,/kaggle/working/distillation_teacher_phobert_base/model,1.7182041,-1.714149,0.96870047,0.031299513,0.8476357,0.1523643,2.0,0,0.96870047,False,0.3,train,false_negative,0.95-0.99
ViSmish_04940,"DIEN LUC thong bao khach hàng Nguyễn Hoàng AnhPE12DN0456789, co tong so hoa don 1, voi tong tien 607262dong. De nghi Quy khach thanh toan trong vong 2 ngay ke tu khi nhan duoc tin nhan. Neu Quy khach da thanh toan, vui long bo qua tin nhan nay.",1,0,0,brandname,Dịch vụ công giả,Level 1 - Leet nhẹ,real,vinai/phobert-base,/kaggle/working/distillation_teacher_phobert_base/model,1.7070284,-1.6778435,0.96722835,0.032771613,0.84454423,0.15545574,2.0,0,0.96722835,False,0.3,train,false_negative,0.95-0.99
ViSmish_07171,"Xin chuc mung TB0912345678 Da trung thuong ""1 IP14s"" trong chuong trinh du thuong cuoi nam Lien He: 1>9>0>0>1>9>9>5 de nhan giai. De nghi LH truoc ngay 28/01",1,0,1,personal_number,Khác,Level 4 - Mixed special characters,real,vinai/phobert-base,/kaggle/working/distillation_teacher_phobert_base/model,3.6805205,-3.6894147,0.9993705,0.0006295126,0.9755165,0.024483504,2.0,0,0.9993705,False,0.3,val,false_negative,>=0.99
ViSmish_06303,"Ben EM nhan lam cac loai gp xe may,oto...chung minh thu, can cuoc, dang ki xe, bang cap 3 den dai hoc va tat ca giay khac;LH 0567-841-352 giao hang thu tien",1,0,1,personal_number,Khác,Level 0 - Formal,real,vinai/phobert-base,/kaggle/working/distillation_teacher_phobert_base/model,3.618127,-3.6060088,0.9992718,0.0007282513,0.97371364,0.026286336,2.0,0,0.9992718,False,0.3,val,false_negative,>=0.99
ViSmish_02673,Mình ra CỔG SAU RẼ PHẢI NG ĐẦU TIÊN lấy hàng trước 4h hay nhờ bn dùm,0,0,0,personal_number,Vận chuyển,NONE,real,vinai/phobert-base,/kaggle/working/distillation_teacher_phobert_base/model,-3.3799014,3.4410594,0.0010894841,0.99891055,0.03196952,0.96803045,2.0,1,0.99891055,False,0.3,val,false_positive,>=0.99
ViSmish_08232,"0926916941: (TB) Đây là cuộc gọi từ Tứ Uyên-Tứ Phát Mobile - địa chỉ: 185 Ng Thái Sơn,P4,GV cung cấp sản phẩm/dịch vụ Cuối năm giảm 500k khi mua máy & phiếu giảm 50%, 20% khi sửa máy. Ad đến 31/01/22. xem thêm tại : www.tuuyen.com - LH: 0826515151",0,1,1,brandname,Khác,NONE,real,vinai/phobert-base,/kaggle/working/distillation_teacher_phobert_base/model,-3.1760817,3.3237681,0.0015014074,0.99849856,0.037329584,0.96267045,2.0,1,0.99849856,False,0.3,val,false_positive,>=0.99
ViSmish_05563,live:.cid.4fa739d97a500848: Thong bao KH nhan tien tu DV chuyen tien Western Union. Truy cap kiem tra thong tin nhan tien tai Website: https://yip.su/2b6L35,1,1,0,personal_number,Giả mạo ngân hàng,Level 1 - Leet nhẹ,real,vinai/phobert-base,/kaggle/working/distillation_teacher_phobert_base/model,3.044415,-2.992301,0.9976163,0.002383697,0.9533966,0.046603378,2.0,0,0.9976163,False,0.3,val,false_negative,>=0.99
ViSmish_03037,Hoi thao Hoi&Dap Tuyen sinh 2022 - Dai hoc FPT da bat dau. Moi Quy PH-HS tham du bang duong link: https://us02web.zoom.us/j/84853187652 hoac Zoom ID: 848 5318 7652. Mat khau vao phong: FPT. Hotline (028) 7300 5588. Tran trong,1,1,1,brandname,Khác,Level 2 - Leet nặng,real,vinai/phobert-base,/kaggle/working/distillation_teacher_phobert_base/model,2.9873402,-2.9079466,0.99725515,0.0027448325,0.95015204,0.04984802,2.0,0,0.99725515,False,0.3,val,false_negative,>=0.99
ViSmish_04738,"Linh ơi anh Tuấn nè, hôm nay vô tình gặp chị Mai nên xin được số em",0,0,0,personal_number,Tin nhắn cá nhân và OTP,NONE,real,vinai/phobert-base,/kaggle/working/distillation_teacher_phobert_base/model,-2.3348107,2.315318,0.009469836,0.9905302,0.0890683,0.9109317,2.0,1,0.9905302,False,0.3,val,false_positive,>=0.99
ViSmish_01309,"DIEN LUC thong bao khach hang Võ Văn Thành PC06NN0123302.NCC02, co tong so hoa don 1, voi tong tien: 607262dong. De nghi Quy khach thanh toan trong ong 2 ngay ke tu khi nhan luoc tin nhan. Neu Quy khach la thanh toan, vui long bo qua tin nhan nay.",1,0,0,brandname,Dịch vụ công giả,Level 2 - Leet nặng,real,vinai/phobert-base,/kaggle/working/distillation_teacher_phobert_base/model,2.0973687,-2.0697594,0.9847398,0.01526022,0.8892954,0.11070459,2.0,0,0.9847398,False,0.3,val,false_negative,0.95-0.99
ViSmish_03045,Bách hóa xanh: Chỉ còn 7 ngày để sử dụng 3.000 điểm thưởng của bạn. Đổi ngay lấy Voucher giảm 15k cho đơn hàng rau củ quả tại bachhoaxanh.com.,0,1,0,brandname,Quảng cáo hợp lệ,NONE,synthetic,vinai/phobert-base,/kaggle/working/distillation_teacher_phobert_base/model,-1.9661595,2.0224018,0.018189369,0.9818107,0.119804725,0.8801953,2.0,1,0.9818107,False,0.3,val,false_positive,0.95-0.99
ViSmish_09711,"t.ly/OZQw KM nạp 1 thưởg 1 tỉlệ cượccao,cược tặg 2888ngìn  BpNDa",1,1,0,personal_number,Cờ bạc / Betting,Level 0 - Formal,real,vinai/phobert-base,/kaggle/working/distillation_teacher_phobert_base/model,1.6470184,-1.8615435,0.97093046,0.029069595,0.852492,0.14750805,2.0,0,0.97093046,False,0.3,val,false_negative,0.95-0.99
